_id,keywords[0],keywords[1],keywords[2],response,id,layer,problem,keywords,solution
69b595d3ba92f4eb3eb1ba3f,dns error,dns server not responding,,Flush DNS using command: ipconfig /flushdns,,,,,
69b595d3ba92f4eb3eb1ba40,ethernet not working,lan cable not working,,Check ethernet cable and network adapter.,,,,,
69b595d3ba92f4eb3eb1ba41,slow internet,internet slow,network slow,Check bandwidth usage and restart router.,,,,,
69b595d3ba92f4eb3eb1ba42,internet not working,no internet,cannot access internet,Check router power and restart modem. Verify ISP connection.,,,,,
69b595d3ba92f4eb3eb1ba43,high ping,network latency,,Close background downloads and restart router.,,,,,
69b595d3ba92f4eb3eb1ba44,network adapter missing,adapter not detected,,Reinstall or update network drivers.,,,,,
69b595d3ba92f4eb3eb1ba45,wifi not connecting,cannot connect wifi,wifi issue,Restart router and reconnect to the WiFi network.,,,,,
69b595d3ba92f4eb3eb1ba46,packet loss,network packet loss,,Check network stability and restart modem.,,,,,
69b595d3ba92f4eb3eb1ba47,internet not working,no internet,cannot access internet,Check router power and restart modem. Verify ISP connection.,,,,,
69b595d3ba92f4eb3eb1ba48,network cable unplugged,,,Plug in ethernet cable properly.,,,,,
69b595d3ba92f4eb3eb1ba49,ip address not valid,,,Reset TCP/IP stack using netsh commands.,,,,,
69b595d3ba92f4eb3eb1ba4a,wifi password incorrect,wrong wifi password,,Re-enter correct WiFi password.,,,,,
69b595d3ba92f4eb3eb1ba4b,slow internet,internet slow,network slow,Check bandwidth usage and restart router.,,,,,
69b595d3ba92f4eb3eb1ba4c,internet not working,no internet,cannot access internet,Check router power and restart modem. Verify ISP connection.,,,,,
69b595d3ba92f4eb3eb1ba4d,wifi signal weak,,,Move closer to router or reposition router.,,,,,
69b595d3ba92f4eb3eb1ba4e,unable to obtain ip address,dhcp problem,,Restart router and enable DHCP service.,,,,,
69b595d3ba92f4eb3eb1ba4f,packet loss,network packet loss,,Check network stability and restart modem.,,,,,
69b595d3ba92f4eb3eb1ba50,slow internet,internet slow,network slow,Check bandwidth usage and restart router.,,,,,
69b595d3ba92f4eb3eb1ba51,slow internet,internet slow,network slow,Check bandwidth usage and restart router.,,,,,
69b595d3ba92f4eb3eb1ba52,packet loss,network packet loss,,Check network stability and restart modem.,,,,,
69b595d3ba92f4eb3eb1ba53,modem not responding,,,Restart modem and check ISP connection.,,,,,
69b595d3ba92f4eb3eb1ba54,wifi disconnecting,wifi drops frequently,,Move closer to router and check interference.,,,,,
69b595d3ba92f4eb3eb1ba55,wifi not connecting,cannot connect wifi,wifi issue,Restart router and reconnect to the WiFi network.,,,,,
69b595d3ba92f4eb3eb1ba56,network cable unplugged,,,Plug in ethernet cable properly.,,,,,
69b595d3ba92f4eb3eb1ba57,wifi password incorrect,wrong wifi password,,Re-enter correct WiFi password.,,,,,
69b595d3ba92f4eb3eb1ba58,router not working,router problem,,Restart router and check power adapter.,,,,,
69b595d3ba92f4eb3eb1ba59,ethernet not working,lan cable not working,,Check ethernet cable and network adapter.,,,,,
69b595d3ba92f4eb3eb1ba5a,wifi disconnecting,wifi drops frequently,,Move closer to router and check interference.,,,,,
69b595d3ba92f4eb3eb1ba5b,dns error,dns server not responding,,Flush DNS using command: ipconfig /flushdns,,,,,
69b595d3ba92f4eb3eb1ba5c,website not loading,cannot open website,,Check DNS settings or internet connectivity.,,,,,
69b595d3ba92f4eb3eb1ba5d,wifi password incorrect,wrong wifi password,,Re-enter correct WiFi password.,,,,,
69b595d3ba92f4eb3eb1ba5e,unable to obtain ip address,dhcp problem,,Restart router and enable DHCP service.,,,,,
69b595d3ba92f4eb3eb1ba5f,internet not working,no internet,cannot access internet,Check router power and restart modem. Verify ISP connection.,,,,,
69b595d3ba92f4eb3eb1ba60,ip address not valid,,,Reset TCP/IP stack using netsh commands.,,,,,
69b595d3ba92f4eb3eb1ba61,wifi password incorrect,wrong wifi password,,Re-enter correct WiFi password.,,,,,
69b595d3ba92f4eb3eb1ba62,dns error,dns server not responding,,Flush DNS using command: ipconfig /flushdns,,,,,
69b595d3ba92f4eb3eb1ba63,wifi password incorrect,wrong wifi password,,Re-enter correct WiFi password.,,,,,
69b595d3ba92f4eb3eb1ba64,wifi password incorrect,wrong wifi password,,Re-enter correct WiFi password.,,,,,
69b595d3ba92f4eb3eb1ba65,wifi not connecting,cannot connect wifi,wifi issue,Restart router and reconnect to the WiFi network.,,,,,
69b595d3ba92f4eb3eb1ba66,vpn not connecting,vpn connection failed,,Check VPN credentials and internet connection.,,,,,
69b595d3ba92f4eb3eb1ba67,wifi password incorrect,wrong wifi password,,Re-enter correct WiFi password.,,,,,
69b595d3ba92f4eb3eb1ba68,wifi disconnecting,wifi drops frequently,,Move closer to router and check interference.,,,,,
69b595d3ba92f4eb3eb1ba69,network adapter missing,adapter not detected,,Reinstall or update network drivers.,,,,,
69b595d3ba92f4eb3eb1ba6a,website not loading,cannot open website,,Check DNS settings or internet connectivity.,,,,,
69b595d3ba92f4eb3eb1ba6b,ethernet not working,lan cable not working,,Check ethernet cable and network adapter.,,,,,
69b595d3ba92f4eb3eb1ba6c,website not loading,cannot open website,,Check DNS settings or internet connectivity.,,,,,
69b595d3ba92f4eb3eb1ba6d,website not loading,cannot open website,,Check DNS settings or internet connectivity.,,,,,
69b595d3ba92f4eb3eb1ba6e,wifi disconnecting,wifi drops frequently,,Move closer to router and check interference.,,,,,
69b595d3ba92f4eb3eb1ba6f,wifi disconnecting,wifi drops frequently,,Move closer to router and check interference.,,,,,
69b595d3ba92f4eb3eb1ba70,ip address not valid,,,Reset TCP/IP stack using netsh commands.,,,,,
69b595d3ba92f4eb3eb1ba71,network adapter missing,adapter not detected,,Reinstall or update network drivers.,,,,,
69b595d3ba92f4eb3eb1ba72,unable to obtain ip address,dhcp problem,,Restart router and enable DHCP service.,,,,,
69b595d3ba92f4eb3eb1ba73,high ping,network latency,,Close background downloads and restart router.,,,,,
69b595d3ba92f4eb3eb1ba74,dns error,dns server not responding,,Flush DNS using command: ipconfig /flushdns,,,,,
69b595d3ba92f4eb3eb1ba75,ip conflict,duplicate ip address,,Release and renew IP address using ipconfig commands.,,,,,
69b595d3ba92f4eb3eb1ba76,network cable unplugged,,,Plug in ethernet cable properly.,,,,,
69b595d3ba92f4eb3eb1ba77,slow internet,internet slow,network slow,Check bandwidth usage and restart router.,,,,,
69b595d3ba92f4eb3eb1ba78,high ping,network latency,,Close background downloads and restart router.,,,,,
69b595d3ba92f4eb3eb1ba79,ip address not valid,,,Reset TCP/IP stack using netsh commands.,,,,,
69b595d3ba92f4eb3eb1ba7a,wifi not connecting,cannot connect wifi,wifi issue,Restart router and reconnect to the WiFi network.,,,,,
69b595d3ba92f4eb3eb1ba7b,network adapter missing,adapter not detected,,Reinstall or update network drivers.,,,,,
69b595d3ba92f4eb3eb1ba7c,internet not working,no internet,cannot access internet,Check router power and restart modem. Verify ISP connection.,,,,,
69b595d3ba92f4eb3eb1ba7d,wifi password incorrect,wrong wifi password,,Re-enter correct WiFi password.,,,,,
69b595d3ba92f4eb3eb1ba7e,router not working,router problem,,Restart router and check power adapter.,,,,,
69b595d3ba92f4eb3eb1ba7f,modem not responding,,,Restart modem and check ISP connection.,,,,,
69b595d3ba92f4eb3eb1ba80,router not working,router problem,,Restart router and check power adapter.,,,,,
69b595d3ba92f4eb3eb1ba81,ip address not valid,,,Reset TCP/IP stack using netsh commands.,,,,,
69b595d3ba92f4eb3eb1ba82,ip address not valid,,,Reset TCP/IP stack using netsh commands.,,,,,
69b595d3ba92f4eb3eb1ba83,modem not responding,,,Restart modem and check ISP connection.,,,,,
69b595d3ba92f4eb3eb1ba84,wifi disconnecting,wifi drops frequently,,Move closer to router and check interference.,,,,,
69b595d3ba92f4eb3eb1ba85,ip conflict,duplicate ip address,,Release and renew IP address using ipconfig commands.,,,,,
69b595d3ba92f4eb3eb1ba86,wifi signal weak,,,Move closer to router or reposition router.,,,,,
69b595d3ba92f4eb3eb1ba87,unable to obtain ip address,dhcp problem,,Restart router and enable DHCP service.,,,,,
69b595d3ba92f4eb3eb1ba88,router not working,router problem,,Restart router and check power adapter.,,,,,
69b595d3ba92f4eb3eb1ba89,vpn not connecting,vpn connection failed,,Check VPN credentials and internet connection.,,,,,
69b595d3ba92f4eb3eb1ba8a,internet not working,no internet,cannot access internet,Check router power and restart modem. Verify ISP connection.,,,,,
69b595d3ba92f4eb3eb1ba8b,website not loading,cannot open website,,Check DNS settings or internet connectivity.,,,,,
69b595d3ba92f4eb3eb1ba8c,modem not responding,,,Restart modem and check ISP connection.,,,,,
69b595d3ba92f4eb3eb1ba8d,unable to obtain ip address,dhcp problem,,Restart router and enable DHCP service.,,,,,
69b595d3ba92f4eb3eb1ba8e,wifi password incorrect,wrong wifi password,,Re-enter correct WiFi password.,,,,,
69b595d3ba92f4eb3eb1ba8f,website not loading,cannot open website,,Check DNS settings or internet connectivity.,,,,,
69b595d3ba92f4eb3eb1ba90,wifi not connecting,cannot connect wifi,wifi issue,Restart router and reconnect to the WiFi network.,,,,,
69b595d3ba92f4eb3eb1ba91,modem not responding,,,Restart modem and check ISP connection.,,,,,
69b595d3ba92f4eb3eb1ba92,modem not responding,,,Restart modem and check ISP connection.,,,,,
69b595d3ba92f4eb3eb1ba93,wifi signal weak,,,Move closer to router or reposition router.,,,,,
69b595d3ba92f4eb3eb1ba94,internet not working,no internet,cannot access internet,Check router power and restart modem. Verify ISP connection.,,,,,
69b595d3ba92f4eb3eb1ba95,network cable unplugged,,,Plug in ethernet cable properly.,,,,,
69b595d3ba92f4eb3eb1ba96,ethernet not working,lan cable not working,,Check ethernet cable and network adapter.,,,,,
69b595d3ba92f4eb3eb1ba97,ip address not valid,,,Reset TCP/IP stack using netsh commands.,,,,,
69b595d3ba92f4eb3eb1ba98,wifi signal weak,,,Move closer to router or reposition router.,,,,,
69b595d3ba92f4eb3eb1ba99,wifi disconnecting,wifi drops frequently,,Move closer to router and check interference.,,,,,
69b595d3ba92f4eb3eb1ba9a,wifi disconnecting,wifi drops frequently,,Move closer to router and check interference.,,,,,
69b595d3ba92f4eb3eb1ba9b,router not working,router problem,,Restart router and check power adapter.,,,,,
69b595d3ba92f4eb3eb1ba9c,slow internet,internet slow,network slow,Check bandwidth usage and restart router.,,,,,
69b595d3ba92f4eb3eb1ba9d,unable to obtain ip address,dhcp problem,,Restart router and enable DHCP service.,,,,,
69b595d3ba92f4eb3eb1ba9e,wifi password incorrect,wrong wifi password,,Re-enter correct WiFi password.,,,,,
69b595d3ba92f4eb3eb1ba9f,packet loss,network packet loss,,Check network stability and restart modem.,,,,,
69b595d3ba92f4eb3eb1baa0,high ping,network latency,,Close background downloads and restart router.,,,,,
69b595d3ba92f4eb3eb1baa1,website not loading,cannot open website,,Check DNS settings or internet connectivity.,,,,,
69b595d3ba92f4eb3eb1baa2,wifi not connecting,cannot connect wifi,wifi issue,Restart router and reconnect to the WiFi network.,,,,,
69b595d3ba92f4eb3eb1baa3,packet loss,network packet loss,,Check network stability and restart modem.,,,,,
69b595d3ba92f4eb3eb1baa4,ip conflict,duplicate ip address,,Release and renew IP address using ipconfig commands.,,,,,
69b595d3ba92f4eb3eb1baa5,network adapter missing,adapter not detected,,Reinstall or update network drivers.,,,,,
69b595d3ba92f4eb3eb1baa6,packet loss,network packet loss,,Check network stability and restart modem.,,,,,
69b595d3ba92f4eb3eb1baa7,wifi password incorrect,wrong wifi password,,Re-enter correct WiFi password.,,,,,
69b595d3ba92f4eb3eb1baa8,wifi password incorrect,wrong wifi password,,Re-enter correct WiFi password.,,,,,
69b595d3ba92f4eb3eb1baa9,wifi signal weak,,,Move closer to router or reposition router.,,,,,
69b595d3ba92f4eb3eb1baaa,slow internet,internet slow,network slow,Check bandwidth usage and restart router.,,,,,
69b595d3ba92f4eb3eb1baab,network adapter missing,adapter not detected,,Reinstall or update network drivers.,,,,,
69b595d3ba92f4eb3eb1baac,dns error,dns server not responding,,Flush DNS using command: ipconfig /flushdns,,,,,
69b595d3ba92f4eb3eb1baad,internet not working,no internet,cannot access internet,Check router power and restart modem. Verify ISP connection.,,,,,
69b595d3ba92f4eb3eb1baae,dns error,dns server not responding,,Flush DNS using command: ipconfig /flushdns,,,,,
69b595d3ba92f4eb3eb1baaf,website not loading,cannot open website,,Check DNS settings or internet connectivity.,,,,,
69b595d3ba92f4eb3eb1bab0,modem not responding,,,Restart modem and check ISP connection.,,,,,
69b595d3ba92f4eb3eb1bab1,website not loading,cannot open website,,Check DNS settings or internet connectivity.,,,,,
69b595d3ba92f4eb3eb1bab2,wifi disconnecting,wifi drops frequently,,Move closer to router and check interference.,,,,,
69b595d3ba92f4eb3eb1bab3,ethernet not working,lan cable not working,,Check ethernet cable and network adapter.,,,,,
69b595d3ba92f4eb3eb1bab4,wifi disconnecting,wifi drops frequently,,Move closer to router and check interference.,,,,,
69b595d3ba92f4eb3eb1bab5,dns error,dns server not responding,,Flush DNS using command: ipconfig /flushdns,,,,,
69b595d3ba92f4eb3eb1bab6,unable to obtain ip address,dhcp problem,,Restart router and enable DHCP service.,,,,,
69b595d3ba92f4eb3eb1bab7,unable to obtain ip address,dhcp problem,,Restart router and enable DHCP service.,,,,,
69b595d3ba92f4eb3eb1bab8,limited connectivity,network limited access,,Reset network adapter and reconnect.,,,,,
69b595d3ba92f4eb3eb1bab9,network adapter missing,adapter not detected,,Reinstall or update network drivers.,,,,,
69b595d3ba92f4eb3eb1baba,wifi signal weak,,,Move closer to router or reposition router.,,,,,
69b595d3ba92f4eb3eb1babb,ip address not valid,,,Reset TCP/IP stack using netsh commands.,,,,,
69b595d3ba92f4eb3eb1babc,router not working,router problem,,Restart router and check power adapter.,,,,,
69b595d3ba92f4eb3eb1babd,wifi signal weak,,,Move closer to router or reposition router.,,,,,
69b595d3ba92f4eb3eb1babe,network adapter missing,adapter not detected,,Reinstall or update network drivers.,,,,,
69b595d3ba92f4eb3eb1babf,packet loss,network packet loss,,Check network stability and restart modem.,,,,,
69b595d3ba92f4eb3eb1bac0,packet loss,network packet loss,,Check network stability and restart modem.,,,,,
69b595d3ba92f4eb3eb1bac1,vpn not connecting,vpn connection failed,,Check VPN credentials and internet connection.,,,,,
69b595d3ba92f4eb3eb1bac2,router not working,router problem,,Restart router and check power adapter.,,,,,
69b595d3ba92f4eb3eb1bac3,limited connectivity,network limited access,,Reset network adapter and reconnect.,,,,,
69b595d3ba92f4eb3eb1bac4,modem not responding,,,Restart modem and check ISP connection.,,,,,
69b595d3ba92f4eb3eb1bac5,network cable unplugged,,,Plug in ethernet cable properly.,,,,,
69b595d3ba92f4eb3eb1bac6,dns error,dns server not responding,,Flush DNS using command: ipconfig /flushdns,,,,,
69b595d3ba92f4eb3eb1bac7,ip conflict,duplicate ip address,,Release and renew IP address using ipconfig commands.,,,,,
69b595d3ba92f4eb3eb1bac8,network cable unplugged,,,Plug in ethernet cable properly.,,,,,
69b595d3ba92f4eb3eb1bac9,ip conflict,duplicate ip address,,Release and renew IP address using ipconfig commands.,,,,,
69b595d3ba92f4eb3eb1baca,high ping,network latency,,Close background downloads and restart router.,,,,,
69b595d3ba92f4eb3eb1bacb,ethernet not working,lan cable not working,,Check ethernet cable and network adapter.,,,,,
69b595d3ba92f4eb3eb1bacc,vpn not connecting,vpn connection failed,,Check VPN credentials and internet connection.,,,,,
69b595d3ba92f4eb3eb1bacd,wifi disconnecting,wifi drops frequently,,Move closer to router and check interference.,,,,,
69b595d3ba92f4eb3eb1bace,website not loading,cannot open website,,Check DNS settings or internet connectivity.,,,,,
69b595d3ba92f4eb3eb1bacf,website not loading,cannot open website,,Check DNS settings or internet connectivity.,,,,,
69b595d3ba92f4eb3eb1bad0,vpn not connecting,vpn connection failed,,Check VPN credentials and internet connection.,,,,,
69b595d3ba92f4eb3eb1bad1,unable to obtain ip address,dhcp problem,,Restart router and enable DHCP service.,,,,,
69b595d3ba92f4eb3eb1bad2,packet loss,network packet loss,,Check network stability and restart modem.,,,,,
69b595d3ba92f4eb3eb1bad3,ip conflict,duplicate ip address,,Release and renew IP address using ipconfig commands.,,,,,
69b595d3ba92f4eb3eb1bad4,network cable unplugged,,,Plug in ethernet cable properly.,,,,,
69b595d3ba92f4eb3eb1bad5,wifi signal weak,,,Move closer to router or reposition router.,,,,,
69b595d3ba92f4eb3eb1bad6,ethernet not working,lan cable not working,,Check ethernet cable and network adapter.,,,,,
69b595d3ba92f4eb3eb1bad7,high ping,network latency,,Close background downloads and restart router.,,,,,
69b595d3ba92f4eb3eb1bad8,network cable unplugged,,,Plug in ethernet cable properly.,,,,,
69b595d3ba92f4eb3eb1bad9,dns error,dns server not responding,,Flush DNS using command: ipconfig /flushdns,,,,,
69b595d3ba92f4eb3eb1bada,ip address not valid,,,Reset TCP/IP stack using netsh commands.,,,,,
69b595d3ba92f4eb3eb1badb,wifi signal weak,,,Move closer to router or reposition router.,,,,,
69b595d3ba92f4eb3eb1badc,network adapter missing,adapter not detected,,Reinstall or update network drivers.,,,,,
69b595d3ba92f4eb3eb1badd,internet not working,no internet,cannot access internet,Check router power and restart modem. Verify ISP connection.,,,,,
69b595d3ba92f4eb3eb1bade,limited connectivity,network limited access,,Reset network adapter and reconnect.,,,,,
69b595d3ba92f4eb3eb1badf,limited connectivity,network limited access,,Reset network adapter and reconnect.,,,,,
69b595d3ba92f4eb3eb1bae0,network adapter missing,adapter not detected,,Reinstall or update network drivers.,,,,,
69b595d3ba92f4eb3eb1bae1,slow internet,internet slow,network slow,Check bandwidth usage and restart router.,,,,,
69b595d3ba92f4eb3eb1bae2,network cable unplugged,,,Plug in ethernet cable properly.,,,,,
69b595d3ba92f4eb3eb1bae3,ethernet not working,lan cable not working,,Check ethernet cable and network adapter.,,,,,
69b595d3ba92f4eb3eb1bae4,wifi password incorrect,wrong wifi password,,Re-enter correct WiFi password.,,,,,
69b595d3ba92f4eb3eb1bae5,modem not responding,,,Restart modem and check ISP connection.,,,,,
69b595d3ba92f4eb3eb1bae6,unable to obtain ip address,dhcp problem,,Restart router and enable DHCP service.,,,,,
69b595d3ba92f4eb3eb1bae7,router not working,router problem,,Restart router and check power adapter.,,,,,
69b595d3ba92f4eb3eb1bae8,wifi not connecting,cannot connect wifi,wifi issue,Restart router and reconnect to the WiFi network.,,,,,
69b595d3ba92f4eb3eb1bae9,slow internet,internet slow,network slow,Check bandwidth usage and restart router.,,,,,
69b595d3ba92f4eb3eb1baea,wifi password incorrect,wrong wifi password,,Re-enter correct WiFi password.,,,,,
69b595d3ba92f4eb3eb1baeb,ip address not valid,,,Reset TCP/IP stack using netsh commands.,,,,,
69b595d3ba92f4eb3eb1baec,wifi disconnecting,wifi drops frequently,,Move closer to router and check interference.,,,,,
69b595d3ba92f4eb3eb1baed,unable to obtain ip address,dhcp problem,,Restart router and enable DHCP service.,,,,,
69b595d3ba92f4eb3eb1baee,network cable unplugged,,,Plug in ethernet cable properly.,,,,,
69b595d3ba92f4eb3eb1baef,wifi signal weak,,,Move closer to router or reposition router.,,,,,
69b595d3ba92f4eb3eb1baf0,unable to obtain ip address,dhcp problem,,Restart router and enable DHCP service.,,,,,
69b595d3ba92f4eb3eb1baf1,wifi not connecting,cannot connect wifi,wifi issue,Restart router and reconnect to the WiFi network.,,,,,
69b595d3ba92f4eb3eb1baf2,slow internet,internet slow,network slow,Check bandwidth usage and restart router.,,,,,
69b595d3ba92f4eb3eb1baf3,wifi signal weak,,,Move closer to router or reposition router.,,,,,
69b595d3ba92f4eb3eb1baf4,limited connectivity,network limited access,,Reset network adapter and reconnect.,,,,,
69b595d3ba92f4eb3eb1baf5,wifi password incorrect,wrong wifi password,,Re-enter correct WiFi password.,,,,,
69b595d3ba92f4eb3eb1baf6,internet not working,no internet,cannot access internet,Check router power and restart modem. Verify ISP connection.,,,,,
69b595d3ba92f4eb3eb1baf7,unable to obtain ip address,dhcp problem,,Restart router and enable DHCP service.,,,,,
69b595d3ba92f4eb3eb1baf8,modem not responding,,,Restart modem and check ISP connection.,,,,,
69b595d3ba92f4eb3eb1baf9,ip conflict,duplicate ip address,,Release and renew IP address using ipconfig commands.,,,,,
69b595d3ba92f4eb3eb1bafa,ethernet not working,lan cable not working,,Check ethernet cable and network adapter.,,,,,
69b595d3ba92f4eb3eb1bafb,wifi not connecting,cannot connect wifi,wifi issue,Restart router and reconnect to the WiFi network.,,,,,
69b595d3ba92f4eb3eb1bafc,slow internet,internet slow,network slow,Check bandwidth usage and restart router.,,,,,
69b595d3ba92f4eb3eb1bafd,modem not responding,,,Restart modem and check ISP connection.,,,,,
69b595d3ba92f4eb3eb1bafe,dns error,dns server not responding,,Flush DNS using command: ipconfig /flushdns,,,,,
69b595d3ba92f4eb3eb1baff,website not loading,cannot open website,,Check DNS settings or internet connectivity.,,,,,
69b595d3ba92f4eb3eb1bb00,slow internet,internet slow,network slow,Check bandwidth usage and restart router.,,,,,
69b595d3ba92f4eb3eb1bb01,high ping,network latency,,Close background downloads and restart router.,,,,,
69b595d3ba92f4eb3eb1bb02,internet not working,no internet,cannot access internet,Check router power and restart modem. Verify ISP connection.,,,,,
69b595d3ba92f4eb3eb1bb03,wifi password incorrect,wrong wifi password,,Re-enter correct WiFi password.,,,,,
69b595d3ba92f4eb3eb1bb04,vpn not connecting,vpn connection failed,,Check VPN credentials and internet connection.,,,,,
69b595d3ba92f4eb3eb1bb05,wifi not connecting,cannot connect wifi,wifi issue,Restart router and reconnect to the WiFi network.,,,,,
69b595d3ba92f4eb3eb1bb06,limited connectivity,network limited access,,Reset network adapter and reconnect.,,,,,
69b595d3ba92f4eb3eb1bb07,website not loading,cannot open website,,Check DNS settings or internet connectivity.,,,,,
69b595d3ba92f4eb3eb1bb08,unable to obtain ip address,dhcp problem,,Restart router and enable DHCP service.,,,,,
69b595d3ba92f4eb3eb1bb09,wifi disconnecting,wifi drops frequently,,Move closer to router and check interference.,,,,,
69b595d3ba92f4eb3eb1bb0a,wifi not connecting,cannot connect wifi,wifi issue,Restart router and reconnect to the WiFi network.,,,,,
69b595d3ba92f4eb3eb1bb0b,wifi signal weak,,,Move closer to router or reposition router.,,,,,
69b595d3ba92f4eb3eb1bb0c,unable to obtain ip address,dhcp problem,,Restart router and enable DHCP service.,,,,,
69b595d3ba92f4eb3eb1bb0d,website not loading,cannot open website,,Check DNS settings or internet connectivity.,,,,,
69b595d3ba92f4eb3eb1bb0e,unable to obtain ip address,dhcp problem,,Restart router and enable DHCP service.,,,,,
69b595d3ba92f4eb3eb1bb0f,wifi disconnecting,wifi drops frequently,,Move closer to router and check interference.,,,,,
69b595d3ba92f4eb3eb1bb10,router not working,router problem,,Restart router and check power adapter.,,,,,
69b595d3ba92f4eb3eb1bb11,high ping,network latency,,Close background downloads and restart router.,,,,,
69b595d3ba92f4eb3eb1bb12,wifi password incorrect,wrong wifi password,,Re-enter correct WiFi password.,,,,,
69b595d3ba92f4eb3eb1bb13,dns error,dns server not responding,,Flush DNS using command: ipconfig /flushdns,,,,,
69b595d3ba92f4eb3eb1bb14,internet not working,no internet,cannot access internet,Check router power and restart modem. Verify ISP connection.,,,,,
69b595d3ba92f4eb3eb1bb15,packet loss,network packet loss,,Check network stability and restart modem.,,,,,
69b595d3ba92f4eb3eb1bb16,slow internet,internet slow,network slow,Check bandwidth usage and restart router.,,,,,
69b595d3ba92f4eb3eb1bb17,website not loading,cannot open website,,Check DNS settings or internet connectivity.,,,,,
69b595d3ba92f4eb3eb1bb18,router not working,router problem,,Restart router and check power adapter.,,,,,
69b595d3ba92f4eb3eb1bb19,slow internet,internet slow,network slow,Check bandwidth usage and restart router.,,,,,
69b595d3ba92f4eb3eb1bb1a,wifi signal weak,,,Move closer to router or reposition router.,,,,,
69b595d3ba92f4eb3eb1bb1b,internet not working,no internet,cannot access internet,Check router power and restart modem. Verify ISP connection.,,,,,
69b595d3ba92f4eb3eb1bb1c,wifi not connecting,cannot connect wifi,wifi issue,Restart router and reconnect to the WiFi network.,,,,,
69b595d3ba92f4eb3eb1bb1d,wifi not connecting,cannot connect wifi,wifi issue,Restart router and reconnect to the WiFi network.,,,,,
69b595d3ba92f4eb3eb1bb1e,wifi disconnecting,wifi drops frequently,,Move closer to router and check interference.,,,,,
69b595d3ba92f4eb3eb1bb1f,router not working,router problem,,Restart router and check power adapter.,,,,,
69b595d3ba92f4eb3eb1bb20,ip conflict,duplicate ip address,,Release and renew IP address using ipconfig commands.,,,,,
69b595d3ba92f4eb3eb1bb21,limited connectivity,network limited access,,Reset network adapter and reconnect.,,,,,
69b595d3ba92f4eb3eb1bb22,wifi password incorrect,wrong wifi password,,Re-enter correct WiFi password.,,,,,
69b595d3ba92f4eb3eb1bb23,network cable unplugged,,,Plug in ethernet cable properly.,,,,,
69b595d3ba92f4eb3eb1bb24,network cable unplugged,,,Plug in ethernet cable properly.,,,,,
69b595d3ba92f4eb3eb1bb25,website not loading,cannot open website,,Check DNS settings or internet connectivity.,,,,,
69b595d3ba92f4eb3eb1bb26,high ping,network latency,,Close background downloads and restart router.,,,,,
69b595d3ba92f4eb3eb1bb27,dns error,dns server not responding,,Flush DNS using command: ipconfig /flushdns,,,,,
69b595d3ba92f4eb3eb1bb28,ethernet not working,lan cable not working,,Check ethernet cable and network adapter.,,,,,
69b595d3ba92f4eb3eb1bb29,vpn not connecting,vpn connection failed,,Check VPN credentials and internet connection.,,,,,
69b595d3ba92f4eb3eb1bb2a,router not working,router problem,,Restart router and check power adapter.,,,,,
69b595d3ba92f4eb3eb1bb2b,network cable unplugged,,,Plug in ethernet cable properly.,,,,,
69b595d3ba92f4eb3eb1bb2c,ethernet not working,lan cable not working,,Check ethernet cable and network adapter.,,,,,
69b595d3ba92f4eb3eb1bb2d,network cable unplugged,,,Plug in ethernet cable properly.,,,,,
69b595d3ba92f4eb3eb1bb2e,unable to obtain ip address,dhcp problem,,Restart router and enable DHCP service.,,,,,
69b595d3ba92f4eb3eb1bb2f,modem not responding,,,Restart modem and check ISP connection.,,,,,
69b595d3ba92f4eb3eb1bb30,internet not working,no internet,cannot access internet,Check router power and restart modem. Verify ISP connection.,,,,,
69b595d3ba92f4eb3eb1bb31,dns error,dns server not responding,,Flush DNS using command: ipconfig /flushdns,,,,,
69b595d3ba92f4eb3eb1bb32,vpn not connecting,vpn connection failed,,Check VPN credentials and internet connection.,,,,,
69b595d3ba92f4eb3eb1bb33,wifi password incorrect,wrong wifi password,,Re-enter correct WiFi password.,,,,,
69b595d3ba92f4eb3eb1bb34,ip address not valid,,,Reset TCP/IP stack using netsh commands.,,,,,
69b595d3ba92f4eb3eb1bb35,modem not responding,,,Restart modem and check ISP connection.,,,,,
69b595d3ba92f4eb3eb1bb36,modem not responding,,,Restart modem and check ISP connection.,,,,,
69b595d3ba92f4eb3eb1bb37,slow internet,internet slow,network slow,Check bandwidth usage and restart router.,,,,,
69b595d3ba92f4eb3eb1bb38,ip address not valid,,,Reset TCP/IP stack using netsh commands.,,,,,
69b595d3ba92f4eb3eb1bb39,modem not responding,,,Restart modem and check ISP connection.,,,,,
69b595d3ba92f4eb3eb1bb3a,slow internet,internet slow,network slow,Check bandwidth usage and restart router.,,,,,
69b595d3ba92f4eb3eb1bb3b,internet not working,no internet,cannot access internet,Check router power and restart modem. Verify ISP connection.,,,,,
69b595d3ba92f4eb3eb1bb3c,packet loss,network packet loss,,Check network stability and restart modem.,,,,,
69b595d3ba92f4eb3eb1bb3d,router not working,router problem,,Restart router and check power adapter.,,,,,
69b595d3ba92f4eb3eb1bb3e,slow internet,internet slow,network slow,Check bandwidth usage and restart router.,,,,,
69b595d3ba92f4eb3eb1bb3f,vpn not connecting,vpn connection failed,,Check VPN credentials and internet connection.,,,,,
69b595d3ba92f4eb3eb1bb40,vpn not connecting,vpn connection failed,,Check VPN credentials and internet connection.,,,,,
69b595d3ba92f4eb3eb1bb41,packet loss,network packet loss,,Check network stability and restart modem.,,,,,
69b595d3ba92f4eb3eb1bb42,network cable unplugged,,,Plug in ethernet cable properly.,,,,,
69b595d3ba92f4eb3eb1bb43,vpn not connecting,vpn connection failed,,Check VPN credentials and internet connection.,,,,,
69b595d3ba92f4eb3eb1bb44,slow internet,internet slow,network slow,Check bandwidth usage and restart router.,,,,,
69b595d3ba92f4eb3eb1bb45,network adapter missing,adapter not detected,,Reinstall or update network drivers.,,,,,
69b595d3ba92f4eb3eb1bb46,website not loading,cannot open website,,Check DNS settings or internet connectivity.,,,,,
69b595d3ba92f4eb3eb1bb47,wifi disconnecting,wifi drops frequently,,Move closer to router and check interference.,,,,,
69b595d3ba92f4eb3eb1bb48,network adapter missing,adapter not detected,,Reinstall or update network drivers.,,,,,
69b595d3ba92f4eb3eb1bb49,modem not responding,,,Restart modem and check ISP connection.,,,,,
69b595d3ba92f4eb3eb1bb4a,website not loading,cannot open website,,Check DNS settings or internet connectivity.,,,,,
69b595d3ba92f4eb3eb1bb4b,wifi disconnecting,wifi drops frequently,,Move closer to router and check interference.,,,,,
69b595d3ba92f4eb3eb1bb4c,ip address not valid,,,Reset TCP/IP stack using netsh commands.,,,,,
69b595d3ba92f4eb3eb1bb4d,modem not responding,,,Restart modem and check ISP connection.,,,,,
69b595d3ba92f4eb3eb1bb4e,slow internet,internet slow,network slow,Check bandwidth usage and restart router.,,,,,
69b595d3ba92f4eb3eb1bb4f,slow internet,internet slow,network slow,Check bandwidth usage and restart router.,,,,,
69b595d3ba92f4eb3eb1bb50,modem not responding,,,Restart modem and check ISP connection.,,,,,
69b595d3ba92f4eb3eb1bb51,website not loading,cannot open website,,Check DNS settings or internet connectivity.,,,,,
69b595d3ba92f4eb3eb1bb52,wifi password incorrect,wrong wifi password,,Re-enter correct WiFi password.,,,,,
69b595d3ba92f4eb3eb1bb53,router not working,router problem,,Restart router and check power adapter.,,,,,
69b595d3ba92f4eb3eb1bb54,ip address not valid,,,Reset TCP/IP stack using netsh commands.,,,,,
69b595d3ba92f4eb3eb1bb55,dns error,dns server not responding,,Flush DNS using command: ipconfig /flushdns,,,,,
69b595d3ba92f4eb3eb1bb56,high ping,network latency,,Close background downloads and restart router.,,,,,
69b595d3ba92f4eb3eb1bb57,unable to obtain ip address,dhcp problem,,Restart router and enable DHCP service.,,,,,
69b595d3ba92f4eb3eb1bb58,slow internet,internet slow,network slow,Check bandwidth usage and restart router.,,,,,
69b595d3ba92f4eb3eb1bb59,ip conflict,duplicate ip address,,Release and renew IP address using ipconfig commands.,,,,,
69b595d3ba92f4eb3eb1bb5a,wifi not connecting,cannot connect wifi,wifi issue,Restart router and reconnect to the WiFi network.,,,,,
69b595d3ba92f4eb3eb1bb5b,packet loss,network packet loss,,Check network stability and restart modem.,,,,,
69b595d3ba92f4eb3eb1bb5c,ethernet not working,lan cable not working,,Check ethernet cable and network adapter.,,,,,
69b595d3ba92f4eb3eb1bb5d,high ping,network latency,,Close background downloads and restart router.,,,,,
69b595d3ba92f4eb3eb1bb5e,slow internet,internet slow,network slow,Check bandwidth usage and restart router.,,,,,
69b595d3ba92f4eb3eb1bb5f,ethernet not working,lan cable not working,,Check ethernet cable and network adapter.,,,,,
69b595d3ba92f4eb3eb1bb60,slow internet,internet slow,network slow,Check bandwidth usage and restart router.,,,,,
69b595d3ba92f4eb3eb1bb61,website not loading,cannot open website,,Check DNS settings or internet connectivity.,,,,,
69b595d3ba92f4eb3eb1bb62,high ping,network latency,,Close background downloads and restart router.,,,,,
69b595d3ba92f4eb3eb1bb63,ethernet not working,lan cable not working,,Check ethernet cable and network adapter.,,,,,
69b595d3ba92f4eb3eb1bb64,slow internet,internet slow,network slow,Check bandwidth usage and restart router.,,,,,
69b595d3ba92f4eb3eb1bb65,vpn not connecting,vpn connection failed,,Check VPN credentials and internet connection.,,,,,
69b595d3ba92f4eb3eb1bb66,packet loss,network packet loss,,Check network stability and restart modem.,,,,,
69b595d3ba92f4eb3eb1bb67,dns error,dns server not responding,,Flush DNS using command: ipconfig /flushdns,,,,,
69b595d3ba92f4eb3eb1bb68,vpn not connecting,vpn connection failed,,Check VPN credentials and internet connection.,,,,,
69b595d3ba92f4eb3eb1bb69,limited connectivity,network limited access,,Reset network adapter and reconnect.,,,,,
69b595d3ba92f4eb3eb1bb6a,packet loss,network packet loss,,Check network stability and restart modem.,,,,,
69b595d3ba92f4eb3eb1bb6b,ip address not valid,,,Reset TCP/IP stack using netsh commands.,,,,,
69b595d3ba92f4eb3eb1bb6c,router not working,router problem,,Restart router and check power adapter.,,,,,
69b595d3ba92f4eb3eb1bb6d,ethernet not working,lan cable not working,,Check ethernet cable and network adapter.,,,,,
69b595d3ba92f4eb3eb1bb6e,ethernet not working,lan cable not working,,Check ethernet cable and network adapter.,,,,,
69b595d3ba92f4eb3eb1bb6f,website not loading,cannot open website,,Check DNS settings or internet connectivity.,,,,,
69b595d3ba92f4eb3eb1bb70,vpn not connecting,vpn connection failed,,Check VPN credentials and internet connection.,,,,,
69b595d3ba92f4eb3eb1bb71,modem not responding,,,Restart modem and check ISP connection.,,,,,
69b595d3ba92f4eb3eb1bb72,internet not working,no internet,cannot access internet,Check router power and restart modem. Verify ISP connection.,,,,,
69b595d3ba92f4eb3eb1bb73,high ping,network latency,,Close background downloads and restart router.,,,,,
69b595d3ba92f4eb3eb1bb74,ip conflict,duplicate ip address,,Release and renew IP address using ipconfig commands.,,,,,
69b595d3ba92f4eb3eb1bb75,ip conflict,duplicate ip address,,Release and renew IP address using ipconfig commands.,,,,,
69b595d3ba92f4eb3eb1bb76,network adapter missing,adapter not detected,,Reinstall or update network drivers.,,,,,
69b595d3ba92f4eb3eb1bb77,ethernet not working,lan cable not working,,Check ethernet cable and network adapter.,,,,,
69b595d3ba92f4eb3eb1bb78,wifi not connecting,cannot connect wifi,wifi issue,Restart router and reconnect to the WiFi network.,,,,,
69b595d3ba92f4eb3eb1bb79,packet loss,network packet loss,,Check network stability and restart modem.,,,,,
69b595d3ba92f4eb3eb1bb7a,network adapter missing,adapter not detected,,Reinstall or update network drivers.,,,,,
69b595d3ba92f4eb3eb1bb7b,ethernet not working,lan cable not working,,Check ethernet cable and network adapter.,,,,,
69b595d3ba92f4eb3eb1bb7c,packet loss,network packet loss,,Check network stability and restart modem.,,,,,
69b595d3ba92f4eb3eb1bb7d,ethernet not working,lan cable not working,,Check ethernet cable and network adapter.,,,,,
69b595d3ba92f4eb3eb1bb7e,wifi password incorrect,wrong wifi password,,Re-enter correct WiFi password.,,,,,
69b595d3ba92f4eb3eb1bb7f,network cable unplugged,,,Plug in ethernet cable properly.,,,,,
69b595d3ba92f4eb3eb1bb80,high ping,network latency,,Close background downloads and restart router.,,,,,
69b595d3ba92f4eb3eb1bb81,router not working,router problem,,Restart router and check power adapter.,,,,,
69b595d3ba92f4eb3eb1bb82,unable to obtain ip address,dhcp problem,,Restart router and enable DHCP service.,,,,,
69b595d3ba92f4eb3eb1bb83,ip conflict,duplicate ip address,,Release and renew IP address using ipconfig commands.,,,,,
69b595d3ba92f4eb3eb1bb84,dns error,dns server not responding,,Flush DNS using command: ipconfig /flushdns,,,,,
69b595d3ba92f4eb3eb1bb85,wifi disconnecting,wifi drops frequently,,Move closer to router and check interference.,,,,,
69b595d3ba92f4eb3eb1bb86,unable to obtain ip address,dhcp problem,,Restart router and enable DHCP service.,,,,,
69b595d3ba92f4eb3eb1bb87,internet not working,no internet,cannot access internet,Check router power and restart modem. Verify ISP connection.,,,,,
69b595d3ba92f4eb3eb1bb88,website not loading,cannot open website,,Check DNS settings or internet connectivity.,,,,,
69b595d3ba92f4eb3eb1bb89,packet loss,network packet loss,,Check network stability and restart modem.,,,,,
69b595d3ba92f4eb3eb1bb8a,dns error,dns server not responding,,Flush DNS using command: ipconfig /flushdns,,,,,
69b595d3ba92f4eb3eb1bb8b,wifi signal weak,,,Move closer to router or reposition router.,,,,,
69b595d3ba92f4eb3eb1bb8c,packet loss,network packet loss,,Check network stability and restart modem.,,,,,
69b595d3ba92f4eb3eb1bb8d,wifi signal weak,,,Move closer to router or reposition router.,,,,,
69b595d3ba92f4eb3eb1bb8e,network adapter missing,adapter not detected,,Reinstall or update network drivers.,,,,,
69b595d3ba92f4eb3eb1bb8f,packet loss,network packet loss,,Check network stability and restart modem.,,,,,
69b595d3ba92f4eb3eb1bb90,router not working,router problem,,Restart router and check power adapter.,,,,,
69b595d3ba92f4eb3eb1bb91,wifi disconnecting,wifi drops frequently,,Move closer to router and check interference.,,,,,
69b595d3ba92f4eb3eb1bb92,ip conflict,duplicate ip address,,Release and renew IP address using ipconfig commands.,,,,,
69b595d3ba92f4eb3eb1bb93,vpn not connecting,vpn connection failed,,Check VPN credentials and internet connection.,,,,,
69b595d3ba92f4eb3eb1bb94,ip conflict,duplicate ip address,,Release and renew IP address using ipconfig commands.,,,,,
69b595d3ba92f4eb3eb1bb95,wifi password incorrect,wrong wifi password,,Re-enter correct WiFi password.,,,,,
69b595d3ba92f4eb3eb1bb96,ip conflict,duplicate ip address,,Release and renew IP address using ipconfig commands.,,,,,
69b595d3ba92f4eb3eb1bb97,wifi disconnecting,wifi drops frequently,,Move closer to router and check interference.,,,,,
69b595d3ba92f4eb3eb1bb98,wifi signal weak,,,Move closer to router or reposition router.,,,,,
69b595d3ba92f4eb3eb1bb99,network cable unplugged,,,Plug in ethernet cable properly.,,,,,
69b595d3ba92f4eb3eb1bb9a,ip address not valid,,,Reset TCP/IP stack using netsh commands.,,,,,
69b595d3ba92f4eb3eb1bb9b,high ping,network latency,,Close background downloads and restart router.,,,,,
69b595d3ba92f4eb3eb1bb9c,modem not responding,,,Restart modem and check ISP connection.,,,,,
69b595d3ba92f4eb3eb1bb9d,internet not working,no internet,cannot access internet,Check router power and restart modem. Verify ISP connection.,,,,,
69b595d3ba92f4eb3eb1bb9e,wifi disconnecting,wifi drops frequently,,Move closer to router and check interference.,,,,,
69b595d3ba92f4eb3eb1bb9f,wifi signal weak,,,Move closer to router or reposition router.,,,,,
69b595d3ba92f4eb3eb1bba0,wifi signal weak,,,Move closer to router or reposition router.,,,,,
69b595d3ba92f4eb3eb1bba1,ip address not valid,,,Reset TCP/IP stack using netsh commands.,,,,,
69b595d3ba92f4eb3eb1bba2,unable to obtain ip address,dhcp problem,,Restart router and enable DHCP service.,,,,,
69b595d3ba92f4eb3eb1bba3,modem not responding,,,Restart modem and check ISP connection.,,,,,
69b595d3ba92f4eb3eb1bba4,router not working,router problem,,Restart router and check power adapter.,,,,,
69b595d3ba92f4eb3eb1bba5,modem not responding,,,Restart modem and check ISP connection.,,,,,
69b595d3ba92f4eb3eb1bba6,ethernet not working,lan cable not working,,Check ethernet cable and network adapter.,,,,,
69b595d3ba92f4eb3eb1bba7,dns error,dns server not responding,,Flush DNS using command: ipconfig /flushdns,,,,,
69b595d3ba92f4eb3eb1bba8,unable to obtain ip address,dhcp problem,,Restart router and enable DHCP service.,,,,,
69b595d3ba92f4eb3eb1bba9,network adapter missing,adapter not detected,,Reinstall or update network drivers.,,,,,
69b595d3ba92f4eb3eb1bbaa,limited connectivity,network limited access,,Reset network adapter and reconnect.,,,,,
69b595d3ba92f4eb3eb1bbab,ip conflict,duplicate ip address,,Release and renew IP address using ipconfig commands.,,,,,
69b595d3ba92f4eb3eb1bbac,wifi signal weak,,,Move closer to router or reposition router.,,,,,
69b595d3ba92f4eb3eb1bbad,wifi signal weak,,,Move closer to router or reposition router.,,,,,
69b595d3ba92f4eb3eb1bbae,ip address not valid,,,Reset TCP/IP stack using netsh commands.,,,,,
69b595d3ba92f4eb3eb1bbaf,ethernet not working,lan cable not working,,Check ethernet cable and network adapter.,,,,,
69b595d3ba92f4eb3eb1bbb0,ip conflict,duplicate ip address,,Release and renew IP address using ipconfig commands.,,,,,
69b595d3ba92f4eb3eb1bbb1,modem not responding,,,Restart modem and check ISP connection.,,,,,
69b595d3ba92f4eb3eb1bbb2,wifi signal weak,,,Move closer to router or reposition router.,,,,,
69b595d3ba92f4eb3eb1bbb3,router not working,router problem,,Restart router and check power adapter.,,,,,
69b595d3ba92f4eb3eb1bbb4,ip address not valid,,,Reset TCP/IP stack using netsh commands.,,,,,
69b595d3ba92f4eb3eb1bbb5,internet not working,no internet,cannot access internet,Check router power and restart modem. Verify ISP connection.,,,,,
69b595d3ba92f4eb3eb1bbb6,wifi disconnecting,wifi drops frequently,,Move closer to router and check interference.,,,,,
69b595d3ba92f4eb3eb1bbb7,wifi not connecting,cannot connect wifi,wifi issue,Restart router and reconnect to the WiFi network.,,,,,
69b595d3ba92f4eb3eb1bbb8,wifi not connecting,cannot connect wifi,wifi issue,Restart router and reconnect to the WiFi network.,,,,,
69b595d3ba92f4eb3eb1bbb9,wifi disconnecting,wifi drops frequently,,Move closer to router and check interference.,,,,,
69b595d3ba92f4eb3eb1bbba,vpn not connecting,vpn connection failed,,Check VPN credentials and internet connection.,,,,,
69b595d3ba92f4eb3eb1bbbb,ip conflict,duplicate ip address,,Release and renew IP address using ipconfig commands.,,,,,
69b595d3ba92f4eb3eb1bbbc,ip conflict,duplicate ip address,,Release and renew IP address using ipconfig commands.,,,,,
69b595d3ba92f4eb3eb1bbbd,internet not working,no internet,cannot access internet,Check router power and restart modem. Verify ISP connection.,,,,,
69b595d3ba92f4eb3eb1bbbe,slow internet,internet slow,network slow,Check bandwidth usage and restart router.,,,,,
69b595d3ba92f4eb3eb1bbbf,network adapter missing,adapter not detected,,Reinstall or update network drivers.,,,,,
69b595d3ba92f4eb3eb1bbc0,ip conflict,duplicate ip address,,Release and renew IP address using ipconfig commands.,,,,,
69b595d3ba92f4eb3eb1bbc1,unable to obtain ip address,dhcp problem,,Restart router and enable DHCP service.,,,,,
69b595d3ba92f4eb3eb1bbc2,high ping,network latency,,Close background downloads and restart router.,,,,,
69b595d3ba92f4eb3eb1bbc3,limited connectivity,network limited access,,Reset network adapter and reconnect.,,,,,
69b595d3ba92f4eb3eb1bbc4,router not working,router problem,,Restart router and check power adapter.,,,,,
69b595d3ba92f4eb3eb1bbc5,network cable unplugged,,,Plug in ethernet cable properly.,,,,,
69b595d3ba92f4eb3eb1bbc6,ethernet not working,lan cable not working,,Check ethernet cable and network adapter.,,,,,
69b595d3ba92f4eb3eb1bbc7,ip address not valid,,,Reset TCP/IP stack using netsh commands.,,,,,
69b595d3ba92f4eb3eb1bbc8,dns error,dns server not responding,,Flush DNS using command: ipconfig /flushdns,,,,,
69b595d3ba92f4eb3eb1bbc9,wifi disconnecting,wifi drops frequently,,Move closer to router and check interference.,,,,,
69b595d3ba92f4eb3eb1bbca,internet not working,no internet,cannot access internet,Check router power and restart modem. Verify ISP connection.,,,,,
69b595d3ba92f4eb3eb1bbcb,high ping,network latency,,Close background downloads and restart router.,,,,,
69b595d3ba92f4eb3eb1bbcc,router not working,router problem,,Restart router and check power adapter.,,,,,
69b595d3ba92f4eb3eb1bbcd,internet not working,no internet,cannot access internet,Check router power and restart modem. Verify ISP connection.,,,,,
69b595d3ba92f4eb3eb1bbce,website not loading,cannot open website,,Check DNS settings or internet connectivity.,,,,,
69b595d3ba92f4eb3eb1bbcf,ip address not valid,,,Reset TCP/IP stack using netsh commands.,,,,,
69b595d3ba92f4eb3eb1bbd0,unable to obtain ip address,dhcp problem,,Restart router and enable DHCP service.,,,,,
69b595d3ba92f4eb3eb1bbd1,modem not responding,,,Restart modem and check ISP connection.,,,,,
69b595d3ba92f4eb3eb1bbd2,wifi password incorrect,wrong wifi password,,Re-enter correct WiFi password.,,,,,
69b595d3ba92f4eb3eb1bbd3,ip conflict,duplicate ip address,,Release and renew IP address using ipconfig commands.,,,,,
69b595d3ba92f4eb3eb1bbd4,internet not working,no internet,cannot access internet,Check router power and restart modem. Verify ISP connection.,,,,,
69b595d3ba92f4eb3eb1bbd5,high ping,network latency,,Close background downloads and restart router.,,,,,
69b595d3ba92f4eb3eb1bbd6,vpn not connecting,vpn connection failed,,Check VPN credentials and internet connection.,,,,,
69b595d3ba92f4eb3eb1bbd7,wifi disconnecting,wifi drops frequently,,Move closer to router and check interference.,,,,,
69b595d3ba92f4eb3eb1bbd8,ip conflict,duplicate ip address,,Release and renew IP address using ipconfig commands.,,,,,
69b595d3ba92f4eb3eb1bbd9,unable to obtain ip address,dhcp problem,,Restart router and enable DHCP service.,,,,,
69b595d3ba92f4eb3eb1bbda,wifi signal weak,,,Move closer to router or reposition router.,,,,,
69b595d3ba92f4eb3eb1bbdb,website not loading,cannot open website,,Check DNS settings or internet connectivity.,,,,,
69b595d3ba92f4eb3eb1bbdc,modem not responding,,,Restart modem and check ISP connection.,,,,,
69b595d3ba92f4eb3eb1bbdd,high ping,network latency,,Close background downloads and restart router.,,,,,
69b595d3ba92f4eb3eb1bbde,website not loading,cannot open website,,Check DNS settings or internet connectivity.,,,,,
69b595d3ba92f4eb3eb1bbdf,modem not responding,,,Restart modem and check ISP connection.,,,,,
69b595d3ba92f4eb3eb1bbe0,unable to obtain ip address,dhcp problem,,Restart router and enable DHCP service.,,,,,
69b595d3ba92f4eb3eb1bbe1,network cable unplugged,,,Plug in ethernet cable properly.,,,,,
69b595d3ba92f4eb3eb1bbe2,modem not responding,,,Restart modem and check ISP connection.,,,,,
69b595d3ba92f4eb3eb1bbe3,high ping,network latency,,Close background downloads and restart router.,,,,,
69b595d3ba92f4eb3eb1bbe4,website not loading,cannot open website,,Check DNS settings or internet connectivity.,,,,,
69b595d3ba92f4eb3eb1bbe5,dns error,dns server not responding,,Flush DNS using command: ipconfig /flushdns,,,,,
69b595d3ba92f4eb3eb1bbe6,slow internet,internet slow,network slow,Check bandwidth usage and restart router.,,,,,
69b595d3ba92f4eb3eb1bbe7,router not working,router problem,,Restart router and check power adapter.,,,,,
69b595d3ba92f4eb3eb1bbe8,wifi disconnecting,wifi drops frequently,,Move closer to router and check interference.,,,,,
69b595d3ba92f4eb3eb1bbe9,ip conflict,duplicate ip address,,Release and renew IP address using ipconfig commands.,,,,,
69b595d3ba92f4eb3eb1bbea,wifi not connecting,cannot connect wifi,wifi issue,Restart router and reconnect to the WiFi network.,,,,,
69b595d3ba92f4eb3eb1bbeb,wifi not connecting,cannot connect wifi,wifi issue,Restart router and reconnect to the WiFi network.,,,,,
69b595d3ba92f4eb3eb1bbec,ip conflict,duplicate ip address,,Release and renew IP address using ipconfig commands.,,,,,
69b595d3ba92f4eb3eb1bbed,dns error,dns server not responding,,Flush DNS using command: ipconfig /flushdns,,,,,
69b595d3ba92f4eb3eb1bbee,ethernet not working,lan cable not working,,Check ethernet cable and network adapter.,,,,,
69b595d3ba92f4eb3eb1bbef,ethernet not working,lan cable not working,,Check ethernet cable and network adapter.,,,,,
69b595d3ba92f4eb3eb1bbf0,dns error,dns server not responding,,Flush DNS using command: ipconfig /flushdns,,,,,
69b595d3ba92f4eb3eb1bbf1,vpn not connecting,vpn connection failed,,Check VPN credentials and internet connection.,,,,,
69b595d3ba92f4eb3eb1bbf2,network cable unplugged,,,Plug in ethernet cable properly.,,,,,
69b595d3ba92f4eb3eb1bbf3,ip conflict,duplicate ip address,,Release and renew IP address using ipconfig commands.,,,,,
69b595d3ba92f4eb3eb1bbf4,packet loss,network packet loss,,Check network stability and restart modem.,,,,,
69b595d3ba92f4eb3eb1bbf5,wifi password incorrect,wrong wifi password,,Re-enter correct WiFi password.,,,,,
69b595d3ba92f4eb3eb1bbf6,wifi password incorrect,wrong wifi password,,Re-enter correct WiFi password.,,,,,
69b595d3ba92f4eb3eb1bbf7,modem not responding,,,Restart modem and check ISP connection.,,,,,
69b595d3ba92f4eb3eb1bbf8,wifi disconnecting,wifi drops frequently,,Move closer to router and check interference.,,,,,
69b595d3ba92f4eb3eb1bbf9,wifi disconnecting,wifi drops frequently,,Move closer to router and check interference.,,,,,
69b595d3ba92f4eb3eb1bbfa,slow internet,internet slow,network slow,Check bandwidth usage and restart router.,,,,,
69b595d3ba92f4eb3eb1bbfb,ethernet not working,lan cable not working,,Check ethernet cable and network adapter.,,,,,
69b595d3ba92f4eb3eb1bbfc,website not loading,cannot open website,,Check DNS settings or internet connectivity.,,,,,
69b595d3ba92f4eb3eb1bbfd,high ping,network latency,,Close background downloads and restart router.,,,,,
69b595d3ba92f4eb3eb1bbfe,network cable unplugged,,,Plug in ethernet cable properly.,,,,,
69b595d3ba92f4eb3eb1bbff,ip conflict,duplicate ip address,,Release and renew IP address using ipconfig commands.,,,,,
69b595d3ba92f4eb3eb1bc00,vpn not connecting,vpn connection failed,,Check VPN credentials and internet connection.,,,,,
69b595d3ba92f4eb3eb1bc01,internet not working,no internet,cannot access internet,Check router power and restart modem. Verify ISP connection.,,,,,
69b595d3ba92f4eb3eb1bc02,dns error,dns server not responding,,Flush DNS using command: ipconfig /flushdns,,,,,
69b595d3ba92f4eb3eb1bc03,vpn not connecting,vpn connection failed,,Check VPN credentials and internet connection.,,,,,
69b595d3ba92f4eb3eb1bc04,modem not responding,,,Restart modem and check ISP connection.,,,,,
69b595d3ba92f4eb3eb1bc05,network adapter missing,adapter not detected,,Reinstall or update network drivers.,,,,,
69b595d3ba92f4eb3eb1bc06,wifi disconnecting,wifi drops frequently,,Move closer to router and check interference.,,,,,
69b595d3ba92f4eb3eb1bc07,vpn not connecting,vpn connection failed,,Check VPN credentials and internet connection.,,,,,
69b595d3ba92f4eb3eb1bc08,unable to obtain ip address,dhcp problem,,Restart router and enable DHCP service.,,,,,
69b595d3ba92f4eb3eb1bc09,wifi password incorrect,wrong wifi password,,Re-enter correct WiFi password.,,,,,
69b595d3ba92f4eb3eb1bc0a,high ping,network latency,,Close background downloads and restart router.,,,,,
69b595d3ba92f4eb3eb1bc0b,wifi disconnecting,wifi drops frequently,,Move closer to router and check interference.,,,,,
69b595d3ba92f4eb3eb1bc0c,internet not working,no internet,cannot access internet,Check router power and restart modem. Verify ISP connection.,,,,,
69b595d3ba92f4eb3eb1bc0d,modem not responding,,,Restart modem and check ISP connection.,,,,,
69b595d3ba92f4eb3eb1bc0e,packet loss,network packet loss,,Check network stability and restart modem.,,,,,
69b595d3ba92f4eb3eb1bc0f,wifi password incorrect,wrong wifi password,,Re-enter correct WiFi password.,,,,,
69b595d3ba92f4eb3eb1bc10,wifi disconnecting,wifi drops frequently,,Move closer to router and check interference.,,,,,
69b595d3ba92f4eb3eb1bc11,internet not working,no internet,cannot access internet,Check router power and restart modem. Verify ISP connection.,,,,,
69b595d3ba92f4eb3eb1bc12,ip conflict,duplicate ip address,,Release and renew IP address using ipconfig commands.,,,,,
69b595d3ba92f4eb3eb1bc13,vpn not connecting,vpn connection failed,,Check VPN credentials and internet connection.,,,,,
69b595d3ba92f4eb3eb1bc14,internet not working,no internet,cannot access internet,Check router power and restart modem. Verify ISP connection.,,,,,
69b595d3ba92f4eb3eb1bc15,ethernet not working,lan cable not working,,Check ethernet cable and network adapter.,,,,,
69b595d3ba92f4eb3eb1bc16,internet not working,no internet,cannot access internet,Check router power and restart modem. Verify ISP connection.,,,,,
69b595d3ba92f4eb3eb1bc17,ethernet not working,lan cable not working,,Check ethernet cable and network adapter.,,,,,
69b595d3ba92f4eb3eb1bc18,ip conflict,duplicate ip address,,Release and renew IP address using ipconfig commands.,,,,,
69b595d3ba92f4eb3eb1bc19,unable to obtain ip address,dhcp problem,,Restart router and enable DHCP service.,,,,,
69b595d3ba92f4eb3eb1bc1a,wifi not connecting,cannot connect wifi,wifi issue,Restart router and reconnect to the WiFi network.,,,,,
69b595d3ba92f4eb3eb1bc1b,ip address not valid,,,Reset TCP/IP stack using netsh commands.,,,,,
69b595d3ba92f4eb3eb1bc1c,ip conflict,duplicate ip address,,Release and renew IP address using ipconfig commands.,,,,,
69b595d3ba92f4eb3eb1bc1d,wifi password incorrect,wrong wifi password,,Re-enter correct WiFi password.,,,,,
69b595d3ba92f4eb3eb1bc1e,wifi not connecting,cannot connect wifi,wifi issue,Restart router and reconnect to the WiFi network.,,,,,
69b595d3ba92f4eb3eb1bc1f,wifi password incorrect,wrong wifi password,,Re-enter correct WiFi password.,,,,,
69b595d3ba92f4eb3eb1bc20,ip address not valid,,,Reset TCP/IP stack using netsh commands.,,,,,
69b595d3ba92f4eb3eb1bc21,vpn not connecting,vpn connection failed,,Check VPN credentials and internet connection.,,,,,
69b595d3ba92f4eb3eb1bc22,wifi signal weak,,,Move closer to router or reposition router.,,,,,
69b595d3ba92f4eb3eb1bc23,wifi disconnecting,wifi drops frequently,,Move closer to router and check interference.,,,,,
69b595d3ba92f4eb3eb1bc24,limited connectivity,network limited access,,Reset network adapter and reconnect.,,,,,
69b595d3ba92f4eb3eb1bc25,limited connectivity,network limited access,,Reset network adapter and reconnect.,,,,,
69b595d3ba92f4eb3eb1bc26,ethernet not working,lan cable not working,,Check ethernet cable and network adapter.,,,,,
69b595d3ba92f4eb3eb1bc27,wifi password incorrect,wrong wifi password,,Re-enter correct WiFi password.,,,,,
69b595d3ba92f4eb3eb1bc28,packet loss,network packet loss,,Check network stability and restart modem.,,,,,
69b595d3ba92f4eb3eb1bc29,wifi signal weak,,,Move closer to router or reposition router.,,,,,
69b595d3ba92f4eb3eb1bc2a,modem not responding,,,Restart modem and check ISP connection.,,,,,
69b595d3ba92f4eb3eb1bc2b,unable to obtain ip address,dhcp problem,,Restart router and enable DHCP service.,,,,,
69b595d3ba92f4eb3eb1bc2c,dns error,dns server not responding,,Flush DNS using command: ipconfig /flushdns,,,,,
69b595d3ba92f4eb3eb1bc2d,wifi disconnecting,wifi drops frequently,,Move closer to router and check interference.,,,,,
69b595d3ba92f4eb3eb1bc2e,network cable unplugged,,,Plug in ethernet cable properly.,,,,,
69b595d3ba92f4eb3eb1bc2f,dns error,dns server not responding,,Flush DNS using command: ipconfig /flushdns,,,,,
69b595d3ba92f4eb3eb1bc30,wifi password incorrect,wrong wifi password,,Re-enter correct WiFi password.,,,,,
69b595d3ba92f4eb3eb1bc31,internet not working,no internet,cannot access internet,Check router power and restart modem. Verify ISP connection.,,,,,
69b595d3ba92f4eb3eb1bc32,wifi signal weak,,,Move closer to router or reposition router.,,,,,
69b6ee2497bb4b1b4aaddf31,,,,,1,Physical,Router power off,router power off,Turn on router power supply
69b6ee2497bb4b1b4aaddf32,,,,,2,Session,Session ID mismatch,session id,Clear session cache
69b6ee2497bb4b1b4aaddf33,,,,,3,Network,Gateway not reachable,gateway unreachable,Check default gateway
69b6ee2497bb4b1b4aaddf34,,,,,4,Transport,Transport layer congestion,transport congestion,Adjust buffer size
69b6ee2497bb4b1b4aaddf35,,,,,5,Physical,Faulty modem,modem issue,Restart or replace modem
69b6ee2497bb4b1b4aaddf36,,,,,6,Transport,UDP service not responding,udp service,Restart service
69b6ee2497bb4b1b4aaddf37,,,,,7,Presentation,SSL configuration error,ssl config,Reconfigure SSL
69b6ee2497bb4b1b4aaddf38,,,,,8,Physical,Damaged ethernet cable,cable broken ethernet,Replace the ethernet cable
69b6ee2497bb4b1b4aaddf39,,,,,9,Physical,Router power off,router power off,Turn on router power supply
69b6ee2497bb4b1b4aaddf3a,,,,,10,Presentation,Data corruption,data corruption,Retransmit data
69b6ee2497bb4b1b4aaddf3b,,,,,11,Data Link,Switch MAC table overflow,mac table switch,Restart switch
69b6ee2497bb4b1b4aaddf3c,,,,,12,Session,VPN session dropped,vpn drop,Reconnect VPN
69b6ee2497bb4b1b4aaddf3d,,,,,13,Physical,Damaged ethernet cable,cable broken ethernet,Replace the ethernet cable
69b6ee2497bb4b1b4aaddf3e,,,,,14,Physical,Loose LAN connection,lan loose port,Reconnect LAN cable
69b6ee2497bb4b1b4aaddf3f,,,,,15,Physical,Network cable unplugged,cable unplugged ethernet,Plug the Ethernet cable properly
69b6ee2497bb4b1b4aaddf40,,,,,16,Physical,Incorrect cable type,wrong cable,Use correct cable like Cat6
69b6ee2497bb4b1b4aaddf41,,,,,17,Application,Browser cache issue,browser cache,Clear browser cache
69b6ee2497bb4b1b4aaddf42,,,,,18,Application,FTP connection failed,ftp connection,Verify credentials
69b6ee2497bb4b1b4aaddf43,,,,,19,Physical,Broken fiber cable,fiber damage,Replace fiber cable
69b6ee2497bb4b1b4aaddf44,,,,,20,Presentation,Encryption error,encryption error,Update encryption settings
69b6ee2497bb4b1b4aaddf45,,,,,21,Application,HTTP 500 error,500 server,Restart web server
69b6ee2497bb4b1b4aaddf46,,,,,22,Session,Duplicate sessions,duplicate session,Terminate extra sessions
69b6ee2497bb4b1b4aaddf47,,,,,23,Transport,TCP slow start delay,tcp slow,Optimize TCP parameters
69b6ee2497bb4b1b4aaddf48,,,,,24,Data Link,ARP poisoning attack,arp attack,Enable security features
69b6ee2497bb4b1b4aaddf49,,,,,25,Network,Invalid IP address,invalid ip,Configure correct IP
69b6ee2497bb4b1b4aaddf4a,,,,,26,Data Link,Switch MAC table overflow,mac table switch,Restart switch
69b6ee2497bb4b1b4aaddf4b,,,,,27,Application,FTP connection failed,ftp connection,Verify credentials
69b6ee2497bb4b1b4aaddf4c,,,,,28,Session,Session encryption failure,session encryption,Update encryption
69b6ee2497bb4b1b4aaddf4d,,,,,30,Session,Session hijacking attempt,session hijack,Enable encryption
69b6ee2497bb4b1b4aaddf4e,,,,,31,Application,Authentication failure,login authentication,Verify credentials
69b6ee2497bb4b1b4aaddf4f,,,,,32,Physical,Incorrect cable type,wrong cable,Use correct cable like Cat6
69b6ee2497bb4b1b4aaddf50,,,,,33,Physical,Faulty modem,modem issue,Restart or replace modem
69b6ee2497bb4b1b4aaddf51,,,,,29,Transport,TCP slow start delay,tcp slow,Optimize TCP parameters
69b6ee2497bb4b1b4aaddf52,,,,,34,Application,HTTP 500 error,500 server,Restart web server
69b6ee2497bb4b1b4aaddf53,,,,,35,Presentation,Data serialization error,serialization error,Correct data format
69b6ee2497bb4b1b4aaddf54,,,,,36,Session,Session ID mismatch,session id,Clear session cache
69b6ee2497bb4b1b4aaddf55,,,,,37,Data Link,ARP poisoning attack,arp attack,Enable security features
69b6ee2497bb4b1b4aaddf56,,,,,38,Application,Web server down,server down,Restart server
69b6ee2497bb4b1b4aaddf57,,,,,39,Presentation,Certificate expired,certificate expired,Renew certificate
69b6ee2497bb4b1b4aaddf58,,,,,40,Physical,Signal interference,signal noise,Remove interference source
69b6ee2497bb4b1b4aaddf59,,,,,41,Presentation,Unsupported file format,file format,Convert format
69b6ee2497bb4b1b4aaddf5a,,,,,44,Physical,Network card failure,nic network card,Replace network interface card
69b6ee2497bb4b1b4aaddf5b,,,,,45,Presentation,Encryption error,encryption error,Update encryption settings
69b6ee2497bb4b1b4aaddf5c,,,,,46,Application,DNS resolution failure,dns resolve,Flush DNS
69b6ee2497bb4b1b4aaddf5d,,,,,47,Data Link,ARP table error,arp error,Clear ARP cache
69b6ee2497bb4b1b4aaddf5e,,,,,48,Application,DNS server not responding,dns server,Change DNS server
69b6ee2497bb4b1b4aaddf5f,,,,,49,Physical,Broken fiber cable,fiber damage,Replace fiber cable
69b6ee2497bb4b1b4aaddf60,,,,,50,Session,Session timeout,session timeout,Increase timeout
69b6ee2497bb4b1b4aaddf61,,,,,51,Presentation,Secure channel failure,secure channel,Restart secure service
69b6ee2497bb4b1b4aaddf62,,,,,52,Presentation,SSL certificate invalid,ssl certificate,Install valid certificate
69b6ee2497bb4b1b4aaddf63,,,,,53,Physical,Ethernet port not detecting cable,port ethernet issue,Try another port
69b6ee2497bb4b1b4aaddf64,,,,,54,Transport,Incorrect port configuration,port config,Verify port numbers
69b6ee2497bb4b1b4aaddf65,,,,,55,Physical,Ethernet port not detecting cable,port ethernet issue,Try another port
69b6ee2497bb4b1b4aaddf66,,,,,56,Session,Duplicate sessions,duplicate session,Terminate extra sessions
69b6ee2497bb4b1b4aaddf67,,,,,57,Data Link,Frame check sequence error,fcs error,Replace faulty cable
69b6ee2497bb4b1b4aaddf68,,,,,58,Data Link,Duplicate MAC address,duplicate mac,Reassign MAC
69b6ee2497bb4b1b4aaddf69,,,,,59,Presentation,Data corruption,data corruption,Retransmit data
69b6ee2497bb4b1b4aaddf6a,,,,,60,Data Link,Spanning tree loop,stp loop,Configure STP properly
69b6ee2497bb4b1b4aaddf6b,,,,,61,Data Link,Switch port disabled,switch port disabled,Enable switch port
69b6ee2497bb4b1b4aaddf6c,,,,,43,Application,Service unavailable,503 service,Restart service
69b6ee2497bb4b1b4aaddf6d,,,,,62,Session,Remote session disconnect,remote session,Check connection
69b6ee2497bb4b1b4aaddf6e,,,,,63,Transport,SYN flood attack,syn attack,Enable SYN protection
69b6ee2497bb4b1b4aaddf6f,,,,,64,Data Link,Duplicate MAC address,duplicate mac,Reassign MAC
69b6ee2497bb4b1b4aaddf70,,,,,65,Presentation,SSL handshake failed,ssl handshake,Update certificates
69b6ee2497bb4b1b4aaddf71,,,,,42,Network,Router not routing packets,router routing,Restart router
69b6ee2497bb4b1b4aaddf72,,,,,66,Physical,Network adapter disabled,adapter disabled,Enable network adapter
69b6ee2497bb4b1b4aaddf73,,,,,67,Session,Session ID mismatch,session id,Clear session cache
69b6ee2497bb4b1b4aaddf74,,,,,68,Session,Session restore failure,session restore,Reauthenticate
69b6ee2497bb4b1b4aaddf75,,,,,69,Presentation,TLS protocol mismatch,tls mismatch,Update TLS version
69b6ee2497bb4b1b4aaddf76,,,,,70,Presentation,Certificate chain error,certificate chain,Install full chain
69b6ee2497bb4b1b4aaddf77,,,,,71,Presentation,Data corruption,data corruption,Retransmit data
69b6ee2497bb4b1b4aaddf78,,,,,72,Presentation,Data corruption,data corruption,Retransmit data
69b6ee2497bb4b1b4aaddf79,,,,,73,Application,Authentication failure,login authentication,Verify credentials
69b6ee2497bb4b1b4aaddf7a,,,,,74,Physical,Overheating router,router heat,Allow router cooling
69b6ee2497bb4b1b4aaddf7b,,,,,75,Transport,SYN flood attack,syn attack,Enable SYN protection
69b6ee2497bb4b1b4aaddf7c,,,,,76,Presentation,SSL certificate invalid,ssl certificate,Install valid certificate
69b6ee2497bb4b1b4aaddf7d,,,,,77,Session,Session restore failure,session restore,Reauthenticate
69b6ee2497bb4b1b4aaddf7e,,,,,78,Session,Session synchronization error,session sync,Restart application
69b6ee2497bb4b1b4aaddf7f,,,,,79,Presentation,Data corruption,data corruption,Retransmit data
69b6ee2497bb4b1b4aaddf80,,,,,80,Transport,Firewall blocking port,firewall port,Allow port in firewall
69b6ee2497bb4b1b4aaddf81,,,,,82,Transport,Transport layer congestion,transport congestion,Adjust buffer size
69b6ee2497bb4b1b4aaddf82,,,,,83,Transport,Incorrect port configuration,port config,Verify port numbers
69b6ee2497bb4b1b4aaddf83,,,,,84,Data Link,ARP table error,arp error,Clear ARP cache
69b6ee2497bb4b1b4aaddf84,,,,,85,Data Link,Duplicate MAC address,duplicate mac,Reassign MAC
69b6ee2497bb4b1b4aaddf85,,,,,81,Data Link,ARP table error,arp error,Clear ARP cache
69b6ee2497bb4b1b4aaddf86,,,,,87,Data Link,Frame collision,collision ethernet,Use switch instead of hub
69b6ee2497bb4b1b4aaddf87,,,,,88,Data Link,ARP table error,arp error,Clear ARP cache
69b6ee2497bb4b1b4aaddf88,,,,,89,Network,ICMP blocked,icmp ping,Enable ICMP
69b6ee2497bb4b1b4aaddf89,,,,,86,Application,Database connection failed,database connection,Check DB connection
69b6ee2497bb4b1b4aaddf8a,,,,,94,Network,Static route misconfigured,static route,Correct static route
69b6ee2497bb4b1b4aaddf8b,,,,,102,Network,Firewall blocking IP,firewall block ip,Allow IP in firewall
69b6ee2497bb4b1b4aaddf8c,,,,,103,Physical,Switch not working,switch dead,Restart or replace switch
69b6ee2497bb4b1b4aaddf8d,,,,,90,Physical,Damaged ethernet cable,cable broken ethernet,Replace the ethernet cable
69b6ee2497bb4b1b4aaddf8e,,,,,104,Application,Email not sending,smtp email,Check SMTP settings
69b6ee2497bb4b1b4aaddf8f,,,,,105,Data Link,VLAN misconfiguration,vlan config,Correct VLAN settings
69b6ee2497bb4b1b4aaddf90,,,,,106,Data Link,Spanning tree loop,stp loop,Configure STP properly
69b6ee2497bb4b1b4aaddf91,,,,,107,Physical,Network card failure,nic network card,Replace network interface card
69b6ee2497bb4b1b4aaddf92,,,,,108,Physical,Power outage affecting network,power electricity,Restore power supply
69b6ee2497bb4b1b4aaddf93,,,,,109,Data Link,ARP table error,arp error,Clear ARP cache
69b6ee2497bb4b1b4aaddf94,,,,,110,Physical,Router power off,router power off,Turn on router power supply
69b6ee2497bb4b1b4aaddf95,,,,,111,Physical,Faulty modem,modem issue,Restart or replace modem
69b6ee2497bb4b1b4aaddf96,,,,,113,Application,API request failed,api request,Check API endpoint
69b6ee2497bb4b1b4aaddf97,,,,,114,Data Link,Switch port disabled,switch port disabled,Enable switch port
69b6ee2497bb4b1b4aaddf98,,,,,115,Physical,Loose LAN connection,lan loose port,Reconnect LAN cable
69b6ee2497bb4b1b4aaddf99,,,,,116,Network,Router not routing packets,router routing,Restart router
69b6ee2497bb4b1b4aaddf9a,,,,,112,Physical,Network cable unplugged,cable unplugged ethernet,Plug the Ethernet cable properly
69b6ee2497bb4b1b4aaddf9b,,,,,97,Application,Browser cache issue,browser cache,Clear browser cache
69b6ee2497bb4b1b4aaddf9c,,,,,95,Application,Database connection failed,database connection,Check DB connection
69b6ee2497bb4b1b4aaddf9d,,,,,96,Transport,Incorrect port configuration,port config,Verify port numbers
69b6ee2497bb4b1b4aaddf9e,,,,,99,Data Link,Switch firmware outdated,switch firmware,Update firmware
69b6ee2497bb4b1b4aaddf9f,,,,,98,Application,Authentication failure,login authentication,Verify credentials
69b6ee2497bb4b1b4aaddfa0,,,,,92,Transport,Transport layer congestion,transport congestion,Adjust buffer size
69b6ee2497bb4b1b4aaddfa1,,,,,91,Physical,Overheating router,router heat,Allow router cooling
69b6ee2497bb4b1b4aaddfa2,,,,,101,Session,Duplicate sessions,duplicate session,Terminate extra sessions
69b6ee2497bb4b1b4aaddfa3,,,,,100,Physical,Overheating router,router heat,Allow router cooling
69b6ee2497bb4b1b4aaddfa4,,,,,119,Presentation,Certificate expired,certificate expired,Renew certificate
69b6ee2497bb4b1b4aaddfa5,,,,,93,Transport,Session timeout,session timeout,Increase timeout
69b6ee2497bb4b1b4aaddfa6,,,,,120,Presentation,Data corruption,data corruption,Retransmit data
69b6ee2497bb4b1b4aaddfa7,,,,,121,Data Link,Frame collision,collision ethernet,Use switch instead of hub
69b6ee2497bb4b1b4aaddfa8,,,,,122,Network,Network congestion,network congestion,Reduce traffic load
69b6ee2497bb4b1b4aaddfa9,,,,,123,Network,IP address conflict,ip conflict,Renew IP address
69b6ee2497bb4b1b4aaddfaa,,,,,124,Physical,Network cable unplugged,cable unplugged ethernet,Plug the Ethernet cable properly
69b6ee2497bb4b1b4aaddfab,,,,,125,Session,Session encryption failure,session encryption,Update encryption
69b6ee2497bb4b1b4aaddfac,,,,,117,Session,Session token expired,token expired,Generate new token
69b6ee2497bb4b1b4aaddfad,,,,,126,Session,VPN session dropped,vpn drop,Reconnect VPN
69b6ee2497bb4b1b4aaddfae,,,,,127,Physical,Broken fiber cable,fiber damage,Replace fiber cable
69b6ee2497bb4b1b4aaddfaf,,,,,128,Application,FTP connection failed,ftp connection,Verify credentials
69b6ee2497bb4b1b4aaddfb0,,,,,129,Presentation,Certificate chain error,certificate chain,Install full chain
69b6ee2497bb4b1b4aaddfb1,,,,,130,Session,Secure session failure,secure session,Check certificates
69b6ee2497bb4b1b4aaddfb2,,,,,131,Session,Session encryption failure,session encryption,Update encryption
69b6ee2497bb4b1b4aaddfb3,,,,,132,Data Link,ARP table error,arp error,Clear ARP cache
69b6ee2497bb4b1b4aaddfb4,,,,,133,Session,Session not established,session fail,Restart service
69b6ee2497bb4b1b4aaddfb5,,,,,134,Session,VPN session dropped,vpn drop,Reconnect VPN
69b6ee2497bb4b1b4aaddfb6,,,,,135,Session,Session authentication failure,session auth,Re-login
69b6ee2497bb4b1b4aaddfb7,,,,,136,Physical,Loose LAN connection,lan loose port,Reconnect LAN cable
69b6ee2497bb4b1b4aaddfb8,,,,,137,Network,Static route misconfigured,static route,Correct static route
69b6ee2497bb4b1b4aaddfb9,,,,,138,Data Link,MAC filtering blocking device,mac filter,Update MAC filter list
69b6ee2497bb4b1b4aaddfba,,,,,139,Network,NAT misconfiguration,nat error,Reconfigure NAT
69b6ee2497bb4b1b4aaddfbb,,,,,140,Physical,Loose LAN connection,lan loose port,Reconnect LAN cable
69b6ee2497bb4b1b4aaddfbc,,,,,141,Session,Authentication server unreachable,auth server,Restart authentication server
69b6ee2497bb4b1b4aaddfbd,,,,,142,Presentation,Certificate chain error,certificate chain,Install full chain
69b6ee2497bb4b1b4aaddfbe,,,,,143,Data Link,MAC filtering blocking device,mac filter,Update MAC filter list
69b6ee2497bb4b1b4aaddfbf,,,,,144,Application,Email not sending,smtp email,Check SMTP settings
69b6ee2497bb4b1b4aaddfc0,,,,,145,Application,API request failed,api request,Check API endpoint
69b6ee2497bb4b1b4aaddfc1,,,,,146,Application,DNS server not responding,dns server,Change DNS server
69b6ee2497bb4b1b4aaddfc2,,,,,147,Presentation,SSL handshake failed,ssl handshake,Update certificates
69b6ee2497bb4b1b4aaddfc3,,,,,148,Physical,Faulty modem,modem issue,Restart or replace modem
69b6ee2497bb4b1b4aaddfc4,,,,,149,Network,Packet loss,packet loss,Check congestion
69b6ee2497bb4b1b4aaddfc5,,,,,150,Data Link,Network interface not detecting MAC,mac detection,Reset network adapter
69b6ee2497bb4b1b4aaddfc6,,,,,151,Transport,Load balancer error,load balancer,Reconfigure load balancer
69b6ee2497bb4b1b4aaddfc7,,,,,152,Data Link,Duplicate MAC address,duplicate mac,Reassign MAC
69b6ee2497bb4b1b4aaddfc8,,,,,153,Network,TTL expired,ttl expired,Check routing loops
69b6ee2497bb4b1b4aaddfc9,,,,,154,Transport,Transport layer congestion,transport congestion,Adjust buffer size
69b6ee2497bb4b1b4aaddfca,,,,,155,Transport,UDP service not responding,udp service,Restart service
69b6ee2497bb4b1b4aaddfcb,,,,,156,Physical,Faulty modem,modem issue,Restart or replace modem
69b6ee2497bb4b1b4aaddfcc,,,,,157,Presentation,Compression error,compression error,Disable compression
69b6ee2497bb4b1b4aaddfcd,,,,,158,Application,FTP connection failed,ftp connection,Verify credentials
69b6ee2497bb4b1b4aaddfce,,,,,118,Data Link,Broadcast storm,broadcast storm,Enable STP
69b6ee2497bb4b1b4aaddfcf,,,,,160,Session,Session encryption failure,session encryption,Update encryption
69b6ee2497bb4b1b4aaddfd0,,,,,159,Data Link,Frame collision,collision ethernet,Use switch instead of hub
69b6ee2497bb4b1b4aaddfd1,,,,,161,Application,Proxy server error,proxy error,Disable proxy
69b6ee2497bb4b1b4aaddfd2,,,,,162,Data Link,Switch port disabled,switch port disabled,Enable switch port
69b6ee2497bb4b1b4aaddfd3,,,,,163,Presentation,Data corruption,data corruption,Retransmit data
69b6ee2497bb4b1b4aaddfd4,,,,,164,Application,FTP connection failed,ftp connection,Verify credentials
69b6ee2497bb4b1b4aaddfd5,,,,,165,Transport,Transport layer congestion,transport congestion,Adjust buffer size
69b6ee2497bb4b1b4aaddfd6,,,,,166,Network,TTL expired,ttl expired,Check routing loops
69b6ee2497bb4b1b4aaddfd7,,,,,168,Session,Session not established,session fail,Restart service
69b6ee2497bb4b1b4aaddfd8,,,,,169,Data Link,MAC address conflict,mac conflict,Reset devices
69b6ee2497bb4b1b4aaddfd9,,,,,170,Transport,TCP slow start delay,tcp slow,Optimize TCP parameters
69b6ee2497bb4b1b4aaddfda,,,,,171,Data Link,Broadcast storm,broadcast storm,Enable STP
69b6ee2497bb4b1b4aaddfdb,,,,,167,Transport,UDP packet loss,udp loss,Improve network stability
69b6ee2497bb4b1b4aaddfdc,,,,,172,Presentation,Data corruption,data corruption,Retransmit data
69b6ee2497bb4b1b4aaddfdd,,,,,173,Transport,TCP handshake failure,tcp handshake,Restart service
69b6ee2497bb4b1b4aaddfde,,,,,174,Data Link,VLAN misconfiguration,vlan config,Correct VLAN settings
69b6ee2497bb4b1b4aaddfdf,,,,,175,Transport,Transport layer congestion,transport congestion,Adjust buffer size
69b6ee2497bb4b1b4aaddfe0,,,,,177,Application,Website not loading,website loading,Check server status
69b6ee2497bb4b1b4aaddfe1,,,,,176,Transport,TCP handshake failure,tcp handshake,Restart service
69b6ee2497bb4b1b4aaddfe2,,,,,178,Data Link,MAC filtering blocking device,mac filter,Update MAC filter list
69b6ee2497bb4b1b4aaddfe3,,,,,179,Data Link,Duplicate MAC address,duplicate mac,Reassign MAC
69b6ee2497bb4b1b4aaddfe4,,,,,180,Application,HTTP 404 error,404 error,Check URL
69b6ee2497bb4b1b4aaddfe5,,,,,182,Transport,TCP slow start delay,tcp slow,Optimize TCP parameters
69b6ee2497bb4b1b4aaddfe6,,,,,181,Transport,Too many connections,connection limit,Increase server limit
69b6ee2497bb4b1b4aaddfe7,,,,,186,Presentation,Encoding issue,encoding problem,Use UTF8 encoding
69b6ee2497bb4b1b4aaddfe8,,,,,183,Data Link,ARP table error,arp error,Clear ARP cache
69b6ee2497bb4b1b4aaddfe9,,,,,184,Presentation,Encryption key mismatch,key mismatch,Regenerate keys
69b6ee2497bb4b1b4aaddfea,,,,,185,Network,Network unreachable,network unreachable,Verify routing table
69b6ee2497bb4b1b4aaddfeb,,,,,190,Transport,SYN flood attack,syn attack,Enable SYN protection
69b6ee2497bb4b1b4aaddfec,,,,,187,Transport,Connection reset error,connection reset,Check server logs
69b6ee2497bb4b1b4aaddfed,,,,,188,Application,Browser cache issue,browser cache,Clear browser cache
69b6ee2497bb4b1b4aaddfee,,,,,189,Presentation,Certificate expired,certificate expired,Renew certificate
69b6ee2497bb4b1b4aaddfef,,,,,192,Network,Router firmware outdated,router firmware,Update router firmware
69b6ee2497bb4b1b4aaddff0,,,,,191,Physical,Network adapter disabled,adapter disabled,Enable network adapter
69b6ee2497bb4b1b4aaddff1,,,,,197,Application,DNS server not responding,dns server,Change DNS server
69b6ee2497bb4b1b4aaddff2,,,,,195,Physical,Signal interference,signal noise,Remove interference source
69b6ee2497bb4b1b4aaddff3,,,,,194,Session,Session ID mismatch,session id,Clear session cache
69b6ee2497bb4b1b4aaddff4,,,,,193,Network,Network unreachable,network unreachable,Verify routing table
69b6ee2497bb4b1b4aaddff5,,,,,196,Transport,UDP service not responding,udp service,Restart service
69b6ee2497bb4b1b4aaddff6,,,,,200,Application,Database connection failed,database connection,Check DB connection
69b6ee2497bb4b1b4aaddff7,,,,,198,Session,Remote session disconnect,remote session,Check connection
69b6ee2497bb4b1b4aaddff8,,,,,203,Network,Router firmware outdated,router firmware,Update router firmware
69b6ee2497bb4b1b4aaddff9,,,,,199,Network,Router not routing packets,router routing,Restart router
69b6ee2497bb4b1b4aaddffa,,,,,205,Application,Email not sending,smtp email,Check SMTP settings
69b6ee2497bb4b1b4aaddffb,,,,,201,Network,Static route misconfigured,static route,Correct static route
69b6ee2497bb4b1b4aaddffc,,,,,204,Physical,Signal interference,signal noise,Remove interference source
69b6ee2497bb4b1b4aaddffd,,,,,209,Data Link,Switch MAC table overflow,mac table switch,Restart switch
69b6ee2497bb4b1b4aaddffe,,,,,202,Physical,Network cable unplugged,cable unplugged ethernet,Plug the Ethernet cable properly
69b6ee2497bb4b1b4aaddfff,,,,,206,Transport,UDP packet loss,udp loss,Improve network stability
69b6ee2497bb4b1b4aade000,,,,,207,Data Link,ARP table error,arp error,Clear ARP cache
69b6ee2497bb4b1b4aade001,,,,,208,Session,Remote session disconnect,remote session,Check connection
69b6ee2497bb4b1b4aade002,,,,,214,Network,Firewall blocking IP,firewall block ip,Allow IP in firewall
69b6ee2497bb4b1b4aade003,,,,,217,Session,Remote login failure,remote login,Verify credentials
69b6ee2497bb4b1b4aade004,,,,,215,Network,TTL expired,ttl expired,Check routing loops
69b6ee2497bb4b1b4aade005,,,,,210,Presentation,Unsupported file format,file format,Convert format
69b6ee2497bb4b1b4aade006,,,,,216,Network,TTL expired,ttl expired,Check routing loops
69b6ee2497bb4b1b4aade007,,,,,211,Session,Session synchronization error,session sync,Restart application
69b6ee2497bb4b1b4aade008,,,,,221,Data Link,ARP table error,arp error,Clear ARP cache
69b6ee2497bb4b1b4aade009,,,,,218,Data Link,Switch port disabled,switch port disabled,Enable switch port
69b6ee2497bb4b1b4aade00a,,,,,212,Application,API request failed,api request,Check API endpoint
69b6ee2497bb4b1b4aade00b,,,,,213,Presentation,Encryption error,encryption error,Update encryption settings
69b6ee2497bb4b1b4aade00c,,,,,220,Application,Service unavailable,503 service,Restart service
69b6ee2497bb4b1b4aade00d,,,,,219,Transport,Connection reset error,connection reset,Check server logs
69b6ee2497bb4b1b4aade00e,,,,,232,Physical,Faulty modem,modem issue,Restart or replace modem
69b6ee2497bb4b1b4aade00f,,,,,226,Application,API request failed,api request,Check API endpoint
69b6ee2497bb4b1b4aade010,,,,,222,Physical,Power outage affecting network,power electricity,Restore power supply
69b6ee2497bb4b1b4aade011,,,,,223,Session,VPN session dropped,vpn drop,Reconnect VPN
69b6ee2497bb4b1b4aade012,,,,,224,Application,HTTP 500 error,500 server,Restart web server
69b6ee2497bb4b1b4aade013,,,,,225,Data Link,Broadcast storm,broadcast storm,Enable STP
69b6ee2497bb4b1b4aade014,,,,,230,Transport,Connection reset error,connection reset,Check server logs
69b6ee2497bb4b1b4aade015,,,,,227,Physical,WiFi router not powered,wifi router off,Check power adapter
69b6ee2497bb4b1b4aade016,,,,,228,Physical,Damaged ethernet cable,cable broken ethernet,Replace the ethernet cable
69b6ee2497bb4b1b4aade017,,,,,229,Network,Invalid IP address,invalid ip,Configure correct IP
69b6ee2497bb4b1b4aade018,,,,,234,Data Link,ARP poisoning attack,arp attack,Enable security features
69b6ee2497bb4b1b4aade019,,,,,231,Session,Session encryption failure,session encryption,Update encryption
69b6ee2497bb4b1b4aade01a,,,,,233,Session,Duplicate sessions,duplicate session,Terminate extra sessions
69b6ee2497bb4b1b4aade01b,,,,,237,Session,Session encryption failure,session encryption,Update encryption
69b6ee2497bb4b1b4aade01c,,,,,235,Data Link,Broadcast storm,broadcast storm,Enable STP
69b6ee2497bb4b1b4aade01d,,,,,236,Presentation,Secure channel failure,secure channel,Restart secure service
69b6ee2497bb4b1b4aade01e,,,,,239,Physical,Switch not working,switch dead,Restart or replace switch
69b6ee2497bb4b1b4aade01f,,,,,238,Presentation,SSL certificate invalid,ssl certificate,Install valid certificate
69b6ee2497bb4b1b4aade020,,,,,240,Application,FTP connection failed,ftp connection,Verify credentials
69b6ee2497bb4b1b4aade021,,,,,241,Application,API request failed,api request,Check API endpoint
69b6ee2497bb4b1b4aade022,,,,,243,Data Link,Frame check sequence error,fcs error,Replace faulty cable
69b6ee2497bb4b1b4aade023,,,,,242,Transport,Transport layer congestion,transport congestion,Adjust buffer size
69b6ee2497bb4b1b4aade024,,,,,247,Network,ICMP blocked,icmp ping,Enable ICMP
69b6ee2497bb4b1b4aade025,,,,,245,Physical,Ethernet port not detecting cable,port ethernet issue,Try another port
69b6ee2497bb4b1b4aade026,,,,,246,Session,Duplicate sessions,duplicate session,Terminate extra sessions
69b6ee2497bb4b1b4aade027,,,,,249,Application,Web server down,server down,Restart server
69b6ee2497bb4b1b4aade028,,,,,248,Physical,Power outage affecting network,power electricity,Restore power supply
69b6ee2497bb4b1b4aade029,,,,,244,Network,Router firmware outdated,router firmware,Update router firmware
69b6ee2497bb4b1b4aade02a,,,,,250,Physical,Network card failure,nic network card,Replace network interface card
69b6ee2497bb4b1b4aade02b,,,,,253,Physical,Switch not working,switch dead,Restart or replace switch
69b6ee2497bb4b1b4aade02c,,,,,252,Presentation,Secure channel failure,secure channel,Restart secure service
69b6ee2497bb4b1b4aade02d,,,,,255,Network,Router firmware outdated,router firmware,Update router firmware
69b6ee2497bb4b1b4aade02e,,,,,251,Data Link,Duplicate MAC address,duplicate mac,Reassign MAC
69b6ee2497bb4b1b4aade02f,,,,,254,Presentation,Certificate expired,certificate expired,Renew certificate
69b6ee2497bb4b1b4aade030,,,,,258,Presentation,TLS protocol mismatch,tls mismatch,Update TLS version
69b6ee2497bb4b1b4aade031,,,,,256,Application,Database connection failed,database connection,Check DB connection
69b6ee2497bb4b1b4aade032,,,,,257,Network,Subnet mismatch,subnet mask,Correct subnet mask
69b6ee2497bb4b1b4aade033,,,,,261,Network,Firewall blocking IP,firewall block ip,Allow IP in firewall
69b6ee2497bb4b1b4aade034,,,,,259,Application,DNS server not responding,dns server,Change DNS server
69b6ee2497bb4b1b4aade035,,,,,263,Transport,UDP packet loss,udp loss,Improve network stability
69b6ee2497bb4b1b4aade036,,,,,262,Transport,UDP service not responding,udp service,Restart service
69b6ee2497bb4b1b4aade037,,,,,265,Transport,Connection reset error,connection reset,Check server logs
69b6ee2497bb4b1b4aade038,,,,,264,Application,Proxy server error,proxy error,Disable proxy
69b6ee2497bb4b1b4aade039,,,,,267,Data Link,MAC address conflict,mac conflict,Reset devices
69b6ee2497bb4b1b4aade03a,,,,,260,Presentation,Certificate chain error,certificate chain,Install full chain
69b6ee2497bb4b1b4aade03b,,,,,266,Network,Static route misconfigured,static route,Correct static route
69b6ee2497bb4b1b4aade03c,,,,,268,Physical,Network cable unplugged,cable unplugged ethernet,Plug the Ethernet cable properly
69b6ee2497bb4b1b4aade03d,,,,,270,Application,Website not loading,website loading,Check server status
69b6ee2497bb4b1b4aade03e,,,,,269,Physical,Switch not working,switch dead,Restart or replace switch
69b6ee2497bb4b1b4aade03f,,,,,274,Session,Session restore failure,session restore,Reauthenticate
69b6ee2497bb4b1b4aade040,,,,,271,Application,DNS server not responding,dns server,Change DNS server
69b6ee2497bb4b1b4aade041,,,,,272,Application,DNS server not responding,dns server,Change DNS server
69b6ee2497bb4b1b4aade042,,,,,273,Session,Session not established,session fail,Restart service
69b6ee2497bb4b1b4aade043,,,,,276,Physical,Power outage affecting network,power electricity,Restore power supply
69b6ee2497bb4b1b4aade044,,,,,275,Transport,TCP handshake failure,tcp handshake,Restart service
69b6ee2497bb4b1b4aade045,,,,,278,Network,NAT misconfiguration,nat error,Reconfigure NAT
69b6ee2497bb4b1b4aade046,,,,,282,Network,Invalid IP address,invalid ip,Configure correct IP
69b6ee2497bb4b1b4aade047,,,,,277,Data Link,Incorrect duplex mode,duplex mismatch,Set auto duplex
69b6ee2497bb4b1b4aade048,,,,,279,Physical,Incorrect cable type,wrong cable,Use correct cable like Cat6
69b6ee2497bb4b1b4aade049,,,,,280,Presentation,Secure channel failure,secure channel,Restart secure service
69b6ee2497bb4b1b4aade04a,,,,,287,Physical,Power outage affecting network,power electricity,Restore power supply
69b6ee2497bb4b1b4aade04b,,,,,283,Presentation,Data corruption,data corruption,Retransmit data
69b6ee2497bb4b1b4aade04c,,,,,281,Application,Service unavailable,503 service,Restart service
69b6ee2497bb4b1b4aade04d,,,,,284,Application,DNS server not responding,dns server,Change DNS server
69b6ee2497bb4b1b4aade04e,,,,,285,Session,VPN session dropped,vpn drop,Reconnect VPN
69b6ee2497bb4b1b4aade04f,,,,,286,Network,NAT misconfiguration,nat error,Reconfigure NAT
69b6ee2497bb4b1b4aade050,,,,,292,Network,NAT misconfiguration,nat error,Reconfigure NAT
69b6ee2497bb4b1b4aade051,,,,,296,Physical,Ethernet port not detecting cable,port ethernet issue,Try another port
69b6ee2497bb4b1b4aade052,,,,,288,Data Link,Broadcast storm,broadcast storm,Enable STP
69b6ee2497bb4b1b4aade053,,,,,301,Presentation,SSL certificate invalid,ssl certificate,Install valid certificate
69b6ee2497bb4b1b4aade054,,,,,302,Physical,Broken fiber cable,fiber damage,Replace fiber cable
69b6ee2497bb4b1b4aade055,,,,,303,Data Link,Switch port disabled,switch port disabled,Enable switch port
69b6ee2497bb4b1b4aade056,,,,,304,Application,Service unavailable,503 service,Restart service
69b6ee2497bb4b1b4aade057,,,,,305,Data Link,Broadcast storm,broadcast storm,Enable STP
69b6ee2497bb4b1b4aade058,,,,,307,Application,Database connection failed,database connection,Check DB connection
69b6ee2497bb4b1b4aade059,,,,,308,Data Link,Switch port disabled,switch port disabled,Enable switch port
69b6ee2497bb4b1b4aade05a,,,,,309,Session,Session encryption failure,session encryption,Update encryption
69b6ee2497bb4b1b4aade05b,,,,,306,Physical,Incorrect cable type,wrong cable,Use correct cable like Cat6
69b6ee2497bb4b1b4aade05c,,,,,310,Physical,Loose LAN connection,lan loose port,Reconnect LAN cable
69b6ee2497bb4b1b4aade05d,,,,,311,Data Link,Switch firmware outdated,switch firmware,Update firmware
69b6ee2497bb4b1b4aade05e,,,,,289,Transport,TCP connection timeout,tcp timeout,Check server availability
69b6ee2497bb4b1b4aade05f,,,,,290,Transport,Incorrect port configuration,port config,Verify port numbers
69b6ee2497bb4b1b4aade060,,,,,291,Application,Database connection failed,database connection,Check DB connection
69b6ee2497bb4b1b4aade061,,,,,294,Application,HTTP 404 error,404 error,Check URL
69b6ee2497bb4b1b4aade062,,,,,293,Network,IP address conflict,ip conflict,Renew IP address
69b6ee2497bb4b1b4aade063,,,,,295,Session,Session authentication failure,session auth,Re-login
69b6ee2497bb4b1b4aade064,,,,,319,Network,Subnet mismatch,subnet mask,Correct subnet mask
69b6ee2497bb4b1b4aade065,,,,,320,Session,VPN session dropped,vpn drop,Reconnect VPN
69b6ee2497bb4b1b4aade066,,,,,312,Physical,Ethernet port not detecting cable,port ethernet issue,Try another port
69b6ee2497bb4b1b4aade067,,,,,297,Session,Session synchronization error,session sync,Restart application
69b6ee2497bb4b1b4aade068,,,,,298,Physical,Broken fiber cable,fiber damage,Replace fiber cable
69b6ee2497bb4b1b4aade069,,,,,299,Presentation,SSL configuration error,ssl config,Reconfigure SSL
69b6ee2497bb4b1b4aade06a,,,,,300,Session,Session timeout,session timeout,Increase timeout
69b6ee2497bb4b1b4aade06b,,,,,317,Network,Gateway not reachable,gateway unreachable,Check default gateway
69b6ee2497bb4b1b4aade06c,,,,,313,Application,API request failed,api request,Check API endpoint
69b6ee2497bb4b1b4aade06d,,,,,314,Network,Packet loss,packet loss,Check congestion
69b6ee2497bb4b1b4aade06e,,,,,315,Session,Duplicate sessions,duplicate session,Terminate extra sessions
69b6ee2497bb4b1b4aade06f,,,,,316,Physical,Signal interference,signal noise,Remove interference source
69b6ee2497bb4b1b4aade070,,,,,324,Application,Website not loading,website loading,Check server status
69b6ee2497bb4b1b4aade071,,,,,318,Presentation,Data format mismatch,format mismatch,Convert data format
69b6ee2497bb4b1b4aade072,,,,,321,Application,Database connection failed,database connection,Check DB connection
69b6ee2497bb4b1b4aade073,,,,,322,Application,Service unavailable,503 service,Restart service
69b6ee2497bb4b1b4aade074,,,,,329,Data Link,Incorrect duplex mode,duplex mismatch,Set auto duplex
69b6ee2497bb4b1b4aade075,,,,,335,Physical,Network card failure,nic network card,Replace network interface card
69b6ee2497bb4b1b4aade076,,,,,325,Data Link,ARP poisoning attack,arp attack,Enable security features
69b6ee2497bb4b1b4aade077,,,,,326,Data Link,VLAN misconfiguration,vlan config,Correct VLAN settings
69b6ee2497bb4b1b4aade078,,,,,337,Session,Duplicate sessions,duplicate session,Terminate extra sessions
69b6ee2497bb4b1b4aade079,,,,,339,Session,VPN session dropped,vpn drop,Reconnect VPN
69b6ee2497bb4b1b4aade07a,,,,,323,Presentation,Data format mismatch,format mismatch,Convert data format
69b6ee2497bb4b1b4aade07b,,,,,342,Physical,Network adapter disabled,adapter disabled,Enable network adapter
69b6ee2497bb4b1b4aade07c,,,,,327,Network,Subnet mismatch,subnet mask,Correct subnet mask
69b6ee2497bb4b1b4aade07d,,,,,344,Data Link,Incorrect duplex mode,duplex mismatch,Set auto duplex
69b6ee2497bb4b1b4aade07e,,,,,343,Transport,Port blocked,port blocked,Open port in firewall
69b6ee2497bb4b1b4aade07f,,,,,346,Presentation,Encryption error,encryption error,Update encryption settings
69b6ee2497bb4b1b4aade080,,,,,347,Presentation,Data format mismatch,format mismatch,Convert data format
69b6ee2497bb4b1b4aade081,,,,,345,Data Link,Duplicate MAC address,duplicate mac,Reassign MAC
69b6ee2497bb4b1b4aade082,,,,,349,Transport,Too many connections,connection limit,Increase server limit
69b6ee2497bb4b1b4aade083,,,,,348,Transport,Load balancer error,load balancer,Reconfigure load balancer
69b6ee2497bb4b1b4aade084,,,,,350,Application,DNS resolution failure,dns resolve,Flush DNS
69b6ee2497bb4b1b4aade085,,,,,351,Transport,Load balancer error,load balancer,Reconfigure load balancer
69b6ee2497bb4b1b4aade086,,,,,352,Network,Static route misconfigured,static route,Correct static route
69b6ee2497bb4b1b4aade087,,,,,353,Transport,TCP handshake failure,tcp handshake,Restart service
69b6ee2497bb4b1b4aade088,,,,,354,Session,Session synchronization error,session sync,Restart application
69b6ee2497bb4b1b4aade089,,,,,355,Network,Network unreachable,network unreachable,Verify routing table
69b6ee2497bb4b1b4aade08a,,,,,356,Application,Web server down,server down,Restart server
69b6ee2497bb4b1b4aade08b,,,,,357,Network,Invalid IP address,invalid ip,Configure correct IP
69b6ee2497bb4b1b4aade08c,,,,,358,Presentation,Encryption error,encryption error,Update encryption settings
69b6ee2497bb4b1b4aade08d,,,,,328,Physical,Faulty modem,modem issue,Restart or replace modem
69b6ee2497bb4b1b4aade08e,,,,,333,Session,Session token expired,token expired,Generate new token
69b6ee2497bb4b1b4aade08f,,,,,359,Network,Packet loss,packet loss,Check congestion
69b6ee2497bb4b1b4aade090,,,,,360,Network,Network unreachable,network unreachable,Verify routing table
69b6ee2497bb4b1b4aade091,,,,,361,Application,HTTP 500 error,500 server,Restart web server
69b6ee2497bb4b1b4aade092,,,,,362,Presentation,TLS protocol mismatch,tls mismatch,Update TLS version
69b6ee2497bb4b1b4aade093,,,,,363,Data Link,VLAN misconfiguration,vlan config,Correct VLAN settings
69b6ee2497bb4b1b4aade094,,,,,364,Transport,Port blocked,port blocked,Open port in firewall
69b6ee2497bb4b1b4aade095,,,,,365,Physical,Network adapter disabled,adapter disabled,Enable network adapter
69b6ee2497bb4b1b4aade096,,,,,366,Session,Session not established,session fail,Restart service
69b6ee2497bb4b1b4aade097,,,,,367,Presentation,Unsupported file format,file format,Convert format
69b6ee2497bb4b1b4aade098,,,,,368,Presentation,SSL configuration error,ssl config,Reconfigure SSL
69b6ee2497bb4b1b4aade099,,,,,369,Session,Secure session failure,secure session,Check certificates
69b6ee2497bb4b1b4aade09a,,,,,370,Network,ICMP blocked,icmp ping,Enable ICMP
69b6ee2497bb4b1b4aade09b,,,,,371,Presentation,Data corruption,data corruption,Retransmit data
69b6ee2497bb4b1b4aade09c,,,,,372,Data Link,Switch port disabled,switch port disabled,Enable switch port
69b6ee2497bb4b1b4aade09d,,,,,373,Network,Packet loss,packet loss,Check congestion
69b6ee2497bb4b1b4aade09e,,,,,374,Presentation,TLS protocol mismatch,tls mismatch,Update TLS version
69b6ee2497bb4b1b4aade09f,,,,,375,Physical,Incorrect cable type,wrong cable,Use correct cable like Cat6
69b6ee2497bb4b1b4aade0a0,,,,,376,Physical,Network cable unplugged,cable unplugged ethernet,Plug the Ethernet cable properly
69b6ee2497bb4b1b4aade0a1,,,,,377,Data Link,Broadcast storm,broadcast storm,Enable STP
69b6ee2497bb4b1b4aade0a2,,,,,378,Network,Firewall blocking IP,firewall block ip,Allow IP in firewall
69b6ee2497bb4b1b4aade0a3,,,,,380,Transport,Load balancer error,load balancer,Reconfigure load balancer
69b6ee2497bb4b1b4aade0a4,,,,,381,Transport,TCP handshake failure,tcp handshake,Restart service
69b6ee2497bb4b1b4aade0a5,,,,,379,Session,Remote login failure,remote login,Verify credentials
69b6ee2497bb4b1b4aade0a6,,,,,382,Physical,Switch not working,switch dead,Restart or replace switch
69b6ee2497bb4b1b4aade0a7,,,,,331,Application,Application timeout,application timeout,Increase timeout
69b6ee2497bb4b1b4aade0a8,,,,,330,Session,Session not established,session fail,Restart service
69b6ee2497bb4b1b4aade0a9,,,,,340,Data Link,Network interface not detecting MAC,mac detection,Reset network adapter
69b6ee2497bb4b1b4aade0aa,,,,,334,Presentation,Data corruption,data corruption,Retransmit data
69b6ee2497bb4b1b4aade0ab,,,,,336,Physical,Switch not working,switch dead,Restart or replace switch
69b6ee2497bb4b1b4aade0ac,,,,,338,Transport,UDP service not responding,udp service,Restart service
69b6ee2497bb4b1b4aade0ad,,,,,332,Session,Duplicate sessions,duplicate session,Terminate extra sessions
69b6ee2497bb4b1b4aade0ae,,,,,386,Physical,Faulty modem,modem issue,Restart or replace modem
69b6ee2497bb4b1b4aade0af,,,,,341,Session,Remote login failure,remote login,Verify credentials
69b6ee2497bb4b1b4aade0b0,,,,,383,Transport,Incorrect port configuration,port config,Verify port numbers
69b6ee2497bb4b1b4aade0b1,,,,,384,Presentation,Data corruption,data corruption,Retransmit data
69b6ee2497bb4b1b4aade0b2,,,,,385,Network,Incorrect routing table,routing table,Update routes
69b6ee2497bb4b1b4aade0b3,,,,,391,Session,Session restore failure,session restore,Reauthenticate
69b6ee2497bb4b1b4aade0b4,,,,,387,Presentation,Secure channel failure,secure channel,Restart secure service
69b6ee2497bb4b1b4aade0b5,,,,,389,Network,Static route misconfigured,static route,Correct static route
69b6ee2497bb4b1b4aade0b6,,,,,388,Data Link,Broadcast storm,broadcast storm,Enable STP
69b6ee2497bb4b1b4aade0b7,,,,,390,Presentation,Encryption error,encryption error,Update encryption settings
69b6ee2497bb4b1b4aade0b8,,,,,402,Network,Incorrect routing table,routing table,Update routes
69b6ee2497bb4b1b4aade0b9,,,,,396,Application,API request failed,api request,Check API endpoint
69b6ee2497bb4b1b4aade0ba,,,,,404,Physical,Damaged ethernet cable,cable broken ethernet,Replace the ethernet cable
69b6ee2497bb4b1b4aade0bb,,,,,392,Transport,Session timeout,session timeout,Increase timeout
69b6ee2497bb4b1b4aade0bc,,,,,393,Application,Service unavailable,503 service,Restart service
69b6ee2497bb4b1b4aade0bd,,,,,394,Transport,Packet retransmission,packet retransmission,Reduce congestion
69b6ee2497bb4b1b4aade0be,,,,,395,Session,Secure session failure,secure session,Check certificates
69b6ee2497bb4b1b4aade0bf,,,,,400,Physical,Damaged ethernet cable,cable broken ethernet,Replace the ethernet cable
69b6ee2497bb4b1b4aade0c0,,,,,397,Application,Database connection failed,database connection,Check DB connection
69b6ee2497bb4b1b4aade0c1,,,,,398,Physical,Signal interference,signal noise,Remove interference source
69b6ee2497bb4b1b4aade0c2,,,,,399,Session,Session authentication failure,session auth,Re-login
69b6ee2497bb4b1b4aade0c3,,,,,407,Physical,Network cable unplugged,cable unplugged ethernet,Plug the Ethernet cable properly
69b6ee2497bb4b1b4aade0c4,,,,,401,Data Link,Duplicate MAC address,duplicate mac,Reassign MAC
69b6ee2497bb4b1b4aade0c5,,,,,416,Session,Duplicate sessions,duplicate session,Terminate extra sessions
69b6ee2497bb4b1b4aade0c6,,,,,417,Network,Incorrect routing table,routing table,Update routes
69b6ee2497bb4b1b4aade0c7,,,,,418,Presentation,Data format mismatch,format mismatch,Convert data format
69b6ee2497bb4b1b4aade0c8,,,,,419,Presentation,Certificate expired,certificate expired,Renew certificate
69b6ee2497bb4b1b4aade0c9,,,,,420,Application,Email not sending,smtp email,Check SMTP settings
69b6ee2497bb4b1b4aade0ca,,,,,421,Transport,Firewall blocking port,firewall port,Allow port in firewall
69b6ee2497bb4b1b4aade0cb,,,,,422,Data Link,ARP table error,arp error,Clear ARP cache
69b6ee2497bb4b1b4aade0cc,,,,,423,Transport,Firewall blocking port,firewall port,Allow port in firewall
69b6ee2497bb4b1b4aade0cd,,,,,424,Physical,Router power off,router power off,Turn on router power supply
69b6ee2497bb4b1b4aade0ce,,,,,425,Data Link,Spanning tree loop,stp loop,Configure STP properly
69b6ee2497bb4b1b4aade0cf,,,,,426,Session,Session timeout,session timeout,Increase timeout
69b6ee2497bb4b1b4aade0d0,,,,,403,Data Link,Switch firmware outdated,switch firmware,Update firmware
69b6ee2497bb4b1b4aade0d1,,,,,405,Data Link,Switch firmware outdated,switch firmware,Update firmware
69b6ee2497bb4b1b4aade0d2,,,,,406,Transport,Port blocked,port blocked,Open port in firewall
69b6ee2497bb4b1b4aade0d3,,,,,412,Session,Authentication server unreachable,auth server,Restart authentication server
69b6ee2497bb4b1b4aade0d4,,,,,408,Data Link,Spanning tree loop,stp loop,Configure STP properly
69b6ee2497bb4b1b4aade0d5,,,,,410,Transport,Load balancer error,load balancer,Reconfigure load balancer
69b6ee2497bb4b1b4aade0d6,,,,,409,Network,Subnet mismatch,subnet mask,Correct subnet mask
69b6ee2497bb4b1b4aade0d7,,,,,434,Session,Authentication server unreachable,auth server,Restart authentication server
69b6ee2497bb4b1b4aade0d8,,,,,428,Presentation,Secure channel failure,secure channel,Restart secure service
69b6ee2497bb4b1b4aade0d9,,,,,413,Transport,TCP slow start delay,tcp slow,Optimize TCP parameters
69b6ee2497bb4b1b4aade0da,,,,,411,Application,FTP connection failed,ftp connection,Verify credentials
69b6ee2497bb4b1b4aade0db,,,,,431,Physical,Faulty modem,modem issue,Restart or replace modem
69b6ee2497bb4b1b4aade0dc,,,,,429,Application,API request failed,api request,Check API endpoint
69b6ee2497bb4b1b4aade0dd,,,,,430,Physical,Network card failure,nic network card,Replace network interface card
69b6ee2497bb4b1b4aade0de,,,,,414,Network,Firewall blocking IP,firewall block ip,Allow IP in firewall
69b6ee2497bb4b1b4aade0df,,,,,415,Network,TTL expired,ttl expired,Check routing loops
69b6ee2497bb4b1b4aade0e0,,,,,427,Data Link,Broadcast storm,broadcast storm,Enable STP
69b6ee2497bb4b1b4aade0e1,,,,,437,Data Link,Network interface not detecting MAC,mac detection,Reset network adapter
69b6ee2497bb4b1b4aade0e2,,,,,432,Network,NAT misconfiguration,nat error,Reconfigure NAT
69b6ee2497bb4b1b4aade0e3,,,,,433,Data Link,Switch MAC table overflow,mac table switch,Restart switch
69b6ee2497bb4b1b4aade0e4,,,,,435,Presentation,Compression error,compression error,Disable compression
69b6ee2497bb4b1b4aade0e5,,,,,436,Application,Web server down,server down,Restart server
69b6ee2497bb4b1b4aade0e6,,,,,440,Physical,Network cable unplugged,cable unplugged ethernet,Plug the Ethernet cable properly
69b6ee2497bb4b1b4aade0e7,,,,,438,Physical,Damaged ethernet cable,cable broken ethernet,Replace the ethernet cable
69b6ee2497bb4b1b4aade0e8,,,,,439,Transport,TCP connection timeout,tcp timeout,Check server availability
69b6ee2497bb4b1b4aade0e9,,,,,442,Presentation,Certificate expired,certificate expired,Renew certificate
69b6ee2497bb4b1b4aade0ea,,,,,444,Transport,UDP service not responding,udp service,Restart service
69b6ee2497bb4b1b4aade0eb,,,,,453,Transport,Session timeout,session timeout,Increase timeout
69b6ee2497bb4b1b4aade0ec,,,,,454,Network,Invalid IP address,invalid ip,Configure correct IP
69b6ee2497bb4b1b4aade0ed,,,,,455,Session,Session not established,session fail,Restart service
69b6ee2497bb4b1b4aade0ee,,,,,456,Presentation,SSL handshake failed,ssl handshake,Update certificates
69b6ee2497bb4b1b4aade0ef,,,,,458,Network,NAT misconfiguration,nat error,Reconfigure NAT
69b6ee2497bb4b1b4aade0f0,,,,,443,Session,Session restore failure,session restore,Reauthenticate
69b6ee2497bb4b1b4aade0f1,,,,,448,Transport,Session timeout,session timeout,Increase timeout
69b6ee2497bb4b1b4aade0f2,,,,,445,Data Link,VLAN misconfiguration,vlan config,Correct VLAN settings
69b6ee2497bb4b1b4aade0f3,,,,,462,Data Link,ARP poisoning attack,arp attack,Enable security features
69b6ee2497bb4b1b4aade0f4,,,,,463,Network,Router firmware outdated,router firmware,Update router firmware
69b6ee2497bb4b1b4aade0f5,,,,,464,Network,Gateway not reachable,gateway unreachable,Check default gateway
69b6ee2497bb4b1b4aade0f6,,,,,465,Physical,Overheating router,router heat,Allow router cooling
69b6ee2497bb4b1b4aade0f7,,,,,466,Application,FTP connection failed,ftp connection,Verify credentials
69b6ee2497bb4b1b4aade0f8,,,,,467,Physical,Damaged ethernet cable,cable broken ethernet,Replace the ethernet cable
69b6ee2497bb4b1b4aade0f9,,,,,468,Presentation,Data serialization error,serialization error,Correct data format
69b6ee2497bb4b1b4aade0fa,,,,,469,Transport,SYN flood attack,syn attack,Enable SYN protection
69b6ee2497bb4b1b4aade0fb,,,,,470,Session,VPN session dropped,vpn drop,Reconnect VPN
69b6ee2497bb4b1b4aade0fc,,,,,441,Data Link,Frame collision,collision ethernet,Use switch instead of hub
69b6ee2497bb4b1b4aade0fd,,,,,471,Physical,WiFi router not powered,wifi router off,Check power adapter
69b6ee2497bb4b1b4aade0fe,,,,,473,Data Link,Spanning tree loop,stp loop,Configure STP properly
69b6ee2497bb4b1b4aade0ff,,,,,474,Session,Session hijacking attempt,session hijack,Enable encryption
69b6ee2497bb4b1b4aade100,,,,,472,Presentation,Compression error,compression error,Disable compression
69b6ee2497bb4b1b4aade101,,,,,476,Presentation,Compression error,compression error,Disable compression
69b6ee2497bb4b1b4aade102,,,,,477,Data Link,ARP poisoning attack,arp attack,Enable security features
69b6ee2497bb4b1b4aade103,,,,,446,Physical,Incorrect cable type,wrong cable,Use correct cable like Cat6
69b6ee2497bb4b1b4aade104,,,,,478,Transport,TCP slow start delay,tcp slow,Optimize TCP parameters
69b6ee2497bb4b1b4aade105,,,,,479,Network,Firewall blocking IP,firewall block ip,Allow IP in firewall
69b6ee2497bb4b1b4aade106,,,,,481,Network,Firewall blocking IP,firewall block ip,Allow IP in firewall
69b6ee2497bb4b1b4aade107,,,,,480,Application,HTTP 404 error,404 error,Check URL
69b6ee2497bb4b1b4aade108,,,,,482,Data Link,Switch MAC table overflow,mac table switch,Restart switch
69b6ee2497bb4b1b4aade109,,,,,447,Network,Router not routing packets,router routing,Restart router
69b6ee2497bb4b1b4aade10a,,,,,483,Session,VPN session dropped,vpn drop,Reconnect VPN
69b6ee2497bb4b1b4aade10b,,,,,457,Application,HTTP 404 error,404 error,Check URL
69b6ee2497bb4b1b4aade10c,,,,,449,Data Link,Spanning tree loop,stp loop,Configure STP properly
69b6ee2497bb4b1b4aade10d,,,,,450,Data Link,Frame check sequence error,fcs error,Replace faulty cable
69b6ee2497bb4b1b4aade10e,,,,,488,Data Link,MAC filtering blocking device,mac filter,Update MAC filter list
69b6ee2497bb4b1b4aade10f,,,,,489,Transport,Load balancer error,load balancer,Reconfigure load balancer
69b6ee2497bb4b1b4aade110,,,,,490,Presentation,Data serialization error,serialization error,Correct data format
69b6ee2497bb4b1b4aade111,,,,,491,Transport,SYN flood attack,syn attack,Enable SYN protection
69b6ee2497bb4b1b4aade112,,,,,492,Data Link,Incorrect duplex mode,duplex mismatch,Set auto duplex
69b6ee2497bb4b1b4aade113,,,,,493,Application,API request failed,api request,Check API endpoint
69b6ee2497bb4b1b4aade114,,,,,451,Presentation,Data corruption,data corruption,Retransmit data
69b6ee2497bb4b1b4aade115,,,,,452,Presentation,Encoding issue,encoding problem,Use UTF8 encoding
69b6ee2497bb4b1b4aade116,,,,,459,Physical,Incorrect cable type,wrong cable,Use correct cable like Cat6
69b6ee2497bb4b1b4aade117,,,,,487,Transport,Firewall blocking port,firewall port,Allow port in firewall
69b6ee2497bb4b1b4aade118,,,,,475,Application,Database connection failed,database connection,Check DB connection
69b6ee2497bb4b1b4aade119,,,,,484,Network,NAT misconfiguration,nat error,Reconfigure NAT
69b6ee2497bb4b1b4aade11a,,,,,485,Transport,Transport layer congestion,transport congestion,Adjust buffer size
69b6ee2497bb4b1b4aade11b,,,,,486,Physical,WiFi router not powered,wifi router off,Check power adapter
69b6ee2497bb4b1b4aade11c,,,,,460,Network,IP address conflict,ip conflict,Renew IP address
69b6ee2497bb4b1b4aade11d,,,,,494,Presentation,Data serialization error,serialization error,Correct data format
69b6ee2497bb4b1b4aade11e,,,,,495,Data Link,Switch firmware outdated,switch firmware,Update firmware
69b6ee2497bb4b1b4aade11f,,,,,496,Session,Session hijacking attempt,session hijack,Enable encryption
69b6ee2497bb4b1b4aade120,,,,,497,Presentation,Data format mismatch,format mismatch,Convert data format
69b6ee2497bb4b1b4aade121,,,,,498,Session,Session hijacking attempt,session hijack,Enable encryption
69b6ee2497bb4b1b4aade122,,,,,499,Network,Static route misconfigured,static route,Correct static route
69b6ee2497bb4b1b4aade123,,,,,500,Application,Database connection failed,database connection,Check DB connection
69b6ee2497bb4b1b4aade124,,,,,501,Session,Session ID mismatch,session id,Clear session cache
69b6ee2497bb4b1b4aade125,,,,,502,Transport,UDP service not responding,udp service,Restart service
69b6ee2497bb4b1b4aade126,,,,,503,Application,DNS resolution failure,dns resolve,Flush DNS
69b6ee2497bb4b1b4aade127,,,,,504,Transport,TCP slow start delay,tcp slow,Optimize TCP parameters
69b6ee2497bb4b1b4aade128,,,,,505,Application,DNS server not responding,dns server,Change DNS server
69b6ee2497bb4b1b4aade129,,,,,507,Presentation,Unsupported file format,file format,Convert format
69b6ee2497bb4b1b4aade12a,,,,,506,Physical,Incorrect cable type,wrong cable,Use correct cable like Cat6
69b6ee2497bb4b1b4aade12b,,,,,517,Data Link,ARP poisoning attack,arp attack,Enable security features
69b6ee2497bb4b1b4aade12c,,,,,518,Presentation,TLS protocol mismatch,tls mismatch,Update TLS version
69b6ee2497bb4b1b4aade12d,,,,,519,Physical,Overheating router,router heat,Allow router cooling
69b6ee2497bb4b1b4aade12e,,,,,520,Data Link,Switch port disabled,switch port disabled,Enable switch port
69b6ee2497bb4b1b4aade12f,,,,,521,Network,IP address conflict,ip conflict,Renew IP address
69b6ee2497bb4b1b4aade130,,,,,522,Presentation,Unsupported file format,file format,Convert format
69b6ee2497bb4b1b4aade131,,,,,523,Presentation,Encryption error,encryption error,Update encryption settings
69b6ee2497bb4b1b4aade132,,,,,524,Data Link,Network interface not detecting MAC,mac detection,Reset network adapter
69b6ee2497bb4b1b4aade133,,,,,525,Network,Subnet mismatch,subnet mask,Correct subnet mask
69b6ee2497bb4b1b4aade134,,,,,526,Presentation,Certificate expired,certificate expired,Renew certificate
69b6ee2497bb4b1b4aade135,,,,,527,Network,Network congestion,network congestion,Reduce traffic load
69b6ee2497bb4b1b4aade136,,,,,528,Session,VPN session dropped,vpn drop,Reconnect VPN
69b6ee2497bb4b1b4aade137,,,,,529,Network,Packet loss,packet loss,Check congestion
69b6ee2497bb4b1b4aade138,,,,,530,Session,Remote session disconnect,remote session,Check connection
69b6ee2497bb4b1b4aade139,,,,,508,Physical,Network cable unplugged,cable unplugged ethernet,Plug the Ethernet cable properly
69b6ee2497bb4b1b4aade13a,,,,,532,Data Link,Frame collision,collision ethernet,Use switch instead of hub
69b6ee2497bb4b1b4aade13b,,,,,533,Presentation,SSL handshake failed,ssl handshake,Update certificates
69b6ee2497bb4b1b4aade13c,,,,,534,Application,DNS resolution failure,dns resolve,Flush DNS
69b6ee2497bb4b1b4aade13d,,,,,513,Transport,SYN flood attack,syn attack,Enable SYN protection
69b6ee2497bb4b1b4aade13e,,,,,509,Physical,Broken fiber cable,fiber damage,Replace fiber cable
69b6ee2497bb4b1b4aade13f,,,,,510,Presentation,TLS protocol mismatch,tls mismatch,Update TLS version
69b6ee2497bb4b1b4aade140,,,,,511,Transport,TCP slow start delay,tcp slow,Optimize TCP parameters
69b6ee2497bb4b1b4aade141,,,,,512,Application,Database connection failed,database connection,Check DB connection
69b6ee2497bb4b1b4aade142,,,,,515,Physical,Broken fiber cable,fiber damage,Replace fiber cable
69b6ee2497bb4b1b4aade143,,,,,514,Network,Subnet mismatch,subnet mask,Correct subnet mask
69b6ee2497bb4b1b4aade144,,,,,516,Data Link,Frame check sequence error,fcs error,Replace faulty cable
69b6ee2497bb4b1b4aade145,,,,,461,Session,Secure session failure,secure session,Check certificates
69b6ee2497bb4b1b4aade146,,,,,535,Transport,Transport layer congestion,transport congestion,Adjust buffer size
69b6ee2497bb4b1b4aade147,,,,,536,Presentation,Encryption error,encryption error,Update encryption settings
69b6ee2497bb4b1b4aade148,,,,,537,Presentation,Data format mismatch,format mismatch,Convert data format
69b6ee2497bb4b1b4aade149,,,,,538,Network,Network unreachable,network unreachable,Verify routing table
69b6ee2497bb4b1b4aade14a,,,,,539,Application,Email not sending,smtp email,Check SMTP settings
69b6ee2497bb4b1b4aade14b,,,,,540,Session,VPN session dropped,vpn drop,Reconnect VPN
69b6ee2497bb4b1b4aade14c,,,,,541,Session,Session authentication failure,session auth,Re-login
69b6ee2497bb4b1b4aade14d,,,,,542,Transport,TCP handshake failure,tcp handshake,Restart service
69b6ee2497bb4b1b4aade14e,,,,,543,Session,Session timeout,session timeout,Increase timeout
69b6ee2497bb4b1b4aade14f,,,,,544,Presentation,Unsupported file format,file format,Convert format
69b6ee2497bb4b1b4aade150,,,,,545,Data Link,Switch firmware outdated,switch firmware,Update firmware
69b6ee2497bb4b1b4aade151,,,,,546,Physical,Network card failure,nic network card,Replace network interface card
69b6ee2497bb4b1b4aade152,,,,,547,Data Link,Switch port disabled,switch port disabled,Enable switch port
69b6ee2497bb4b1b4aade153,,,,,551,Network,Router firmware outdated,router firmware,Update router firmware
69b6ee2497bb4b1b4aade154,,,,,552,Transport,Load balancer error,load balancer,Reconfigure load balancer
69b6ee2497bb4b1b4aade155,,,,,553,Presentation,Encryption error,encryption error,Update encryption settings
69b6ee2497bb4b1b4aade156,,,,,554,Data Link,Switch MAC table overflow,mac table switch,Restart switch
69b6ee2497bb4b1b4aade157,,,,,555,Application,Website not loading,website loading,Check server status
69b6ee2497bb4b1b4aade158,,,,,556,Application,FTP connection failed,ftp connection,Verify credentials
69b6ee2497bb4b1b4aade159,,,,,557,Transport,SYN flood attack,syn attack,Enable SYN protection
69b6ee2497bb4b1b4aade15a,,,,,558,Data Link,Switch firmware outdated,switch firmware,Update firmware
69b6ee2497bb4b1b4aade15b,,,,,559,Application,Authentication failure,login authentication,Verify credentials
69b6ee2497bb4b1b4aade15c,,,,,560,Data Link,Network interface not detecting MAC,mac detection,Reset network adapter
69b6ee2497bb4b1b4aade15d,,,,,561,Physical,Network card failure,nic network card,Replace network interface card
69b6ee2497bb4b1b4aade15e,,,,,562,Transport,TCP slow start delay,tcp slow,Optimize TCP parameters
69b6ee2497bb4b1b4aade15f,,,,,563,Presentation,SSL certificate invalid,ssl certificate,Install valid certificate
69b6ee2497bb4b1b4aade160,,,,,564,Data Link,Switch MAC table overflow,mac table switch,Restart switch
69b6ee2497bb4b1b4aade161,,,,,565,Network,Network unreachable,network unreachable,Verify routing table
69b6ee2497bb4b1b4aade162,,,,,566,Session,Session synchronization error,session sync,Restart application
69b6ee2497bb4b1b4aade163,,,,,567,Data Link,Incorrect duplex mode,duplex mismatch,Set auto duplex
69b6ee2497bb4b1b4aade164,,,,,568,Network,Network unreachable,network unreachable,Verify routing table
69b6ee2497bb4b1b4aade165,,,,,548,Network,Packet loss,packet loss,Check congestion
69b6ee2497bb4b1b4aade166,,,,,549,Network,Router firmware outdated,router firmware,Update router firmware
69b6ee2497bb4b1b4aade167,,,,,550,Network,Router firmware outdated,router firmware,Update router firmware
69b6ee2497bb4b1b4aade168,,,,,569,Data Link,Frame collision,collision ethernet,Use switch instead of hub
69b6ee2497bb4b1b4aade169,,,,,570,Physical,Signal interference,signal noise,Remove interference source
69b6ee2497bb4b1b4aade16a,,,,,571,Presentation,Data format mismatch,format mismatch,Convert data format
69b6ee2497bb4b1b4aade16b,,,,,572,Network,TTL expired,ttl expired,Check routing loops
69b6ee2497bb4b1b4aade16c,,,,,573,Transport,TCP handshake failure,tcp handshake,Restart service
69b6ee2497bb4b1b4aade16d,,,,,574,Application,Proxy server error,proxy error,Disable proxy
69b6ee2497bb4b1b4aade16e,,,,,575,Network,Static route misconfigured,static route,Correct static route
69b6ee2497bb4b1b4aade16f,,,,,576,Physical,WiFi router not powered,wifi router off,Check power adapter
69b6ee2497bb4b1b4aade170,,,,,577,Transport,Connection reset error,connection reset,Check server logs
69b6ee2497bb4b1b4aade171,,,,,578,Presentation,SSL handshake failed,ssl handshake,Update certificates
69b6ee2497bb4b1b4aade172,,,,,579,Session,Session synchronization error,session sync,Restart application
69b6ee2497bb4b1b4aade173,,,,,580,Network,Static route misconfigured,static route,Correct static route
69b6ee2497bb4b1b4aade174,,,,,581,Application,Service unavailable,503 service,Restart service
69b6ee2497bb4b1b4aade175,,,,,586,Network,Static route misconfigured,static route,Correct static route
69b6ee2497bb4b1b4aade176,,,,,587,Network,Packet loss,packet loss,Check congestion
69b6ee2497bb4b1b4aade177,,,,,588,Network,Incorrect routing table,routing table,Update routes
69b6ee2497bb4b1b4aade178,,,,,589,Network,Incorrect routing table,routing table,Update routes
69b6ee2497bb4b1b4aade179,,,,,590,Data Link,Spanning tree loop,stp loop,Configure STP properly
69b6ee2497bb4b1b4aade17a,,,,,591,Data Link,ARP poisoning attack,arp attack,Enable security features
69b6ee2497bb4b1b4aade17b,,,,,592,Data Link,MAC filtering blocking device,mac filter,Update MAC filter list
69b6ee2497bb4b1b4aade17c,,,,,583,Data Link,Switch MAC table overflow,mac table switch,Restart switch
69b6ee2497bb4b1b4aade17d,,,,,582,Application,Authentication failure,login authentication,Verify credentials
69b6ee2497bb4b1b4aade17e,,,,,584,Transport,Session timeout,session timeout,Increase timeout
69b6ee2497bb4b1b4aade17f,,,,,585,Session,VPN session dropped,vpn drop,Reconnect VPN
69b6ee2497bb4b1b4aade180,,,,,531,Application,Service unavailable,503 service,Restart service
69b6ee2497bb4b1b4aade181,,,,,604,Application,DNS server not responding,dns server,Change DNS server
69b6ee2497bb4b1b4aade182,,,,,605,Transport,SYN flood attack,syn attack,Enable SYN protection
69b6ee2497bb4b1b4aade183,,,,,606,Presentation,Secure channel failure,secure channel,Restart secure service
69b6ee2497bb4b1b4aade184,,,,,607,Session,Session timeout,session timeout,Increase timeout
69b6ee2497bb4b1b4aade185,,,,,608,Transport,UDP packet loss,udp loss,Improve network stability
69b6ee2497bb4b1b4aade186,,,,,609,Network,TTL expired,ttl expired,Check routing loops
69b6ee2497bb4b1b4aade187,,,,,610,Presentation,Data corruption,data corruption,Retransmit data
69b6ee2497bb4b1b4aade188,,,,,611,Transport,Firewall blocking port,firewall port,Allow port in firewall
69b6ee2497bb4b1b4aade189,,,,,612,Presentation,SSL certificate invalid,ssl certificate,Install valid certificate
69b6ee2497bb4b1b4aade18a,,,,,613,Transport,Transport layer congestion,transport congestion,Adjust buffer size
69b6ee2497bb4b1b4aade18b,,,,,614,Session,Secure session failure,secure session,Check certificates
69b6ee2497bb4b1b4aade18c,,,,,615,Session,Session ID mismatch,session id,Clear session cache
69b6ee2497bb4b1b4aade18d,,,,,616,Physical,Network cable unplugged,cable unplugged ethernet,Plug the Ethernet cable properly
69b6ee2497bb4b1b4aade18e,,,,,617,Physical,Network card failure,nic network card,Replace network interface card
69b6ee2497bb4b1b4aade18f,,,,,618,Application,HTTP 500 error,500 server,Restart web server
69b6ee2497bb4b1b4aade190,,,,,619,Network,Invalid IP address,invalid ip,Configure correct IP
69b6ee2497bb4b1b4aade191,,,,,620,Session,Secure session failure,secure session,Check certificates
69b6ee2497bb4b1b4aade192,,,,,621,Data Link,MAC filtering blocking device,mac filter,Update MAC filter list
69b6ee2497bb4b1b4aade193,,,,,599,Network,Incorrect routing table,routing table,Update routes
69b6ee2497bb4b1b4aade194,,,,,600,Presentation,Compression error,compression error,Disable compression
69b6ee2497bb4b1b4aade195,,,,,601,Presentation,Encryption error,encryption error,Update encryption settings
69b6ee2497bb4b1b4aade196,,,,,598,Transport,TCP slow start delay,tcp slow,Optimize TCP parameters
69b6ee2497bb4b1b4aade197,,,,,602,Application,Database connection failed,database connection,Check DB connection
69b6ee2497bb4b1b4aade198,,,,,593,Data Link,Network interface not detecting MAC,mac detection,Reset network adapter
69b6ee2497bb4b1b4aade199,,,,,603,Session,Session ID mismatch,session id,Clear session cache
69b6ee2497bb4b1b4aade19a,,,,,594,Presentation,Certificate expired,certificate expired,Renew certificate
69b6ee2497bb4b1b4aade19b,,,,,595,Application,Email not sending,smtp email,Check SMTP settings
69b6ee2497bb4b1b4aade19c,,,,,596,Session,Session authentication failure,session auth,Re-login
69b6ee2497bb4b1b4aade19d,,,,,597,Application,DNS server not responding,dns server,Change DNS server
69b6ee2497bb4b1b4aade19e,,,,,622,Transport,Firewall blocking port,firewall port,Allow port in firewall
69b6ee2497bb4b1b4aade19f,,,,,623,Network,IP address conflict,ip conflict,Renew IP address
69b6ee2497bb4b1b4aade1a0,,,,,624,Physical,Switch not working,switch dead,Restart or replace switch
69b6ee2497bb4b1b4aade1a1,,,,,625,Session,Session timeout,session timeout,Increase timeout
69b6ee2497bb4b1b4aade1a2,,,,,626,Application,Email not sending,smtp email,Check SMTP settings
69b6ee2497bb4b1b4aade1a3,,,,,627,Presentation,Unsupported file format,file format,Convert format
69b6ee2497bb4b1b4aade1a4,,,,,628,Transport,TCP handshake failure,tcp handshake,Restart service
69b6ee2497bb4b1b4aade1a5,,,,,629,Session,Session hijacking attempt,session hijack,Enable encryption
69b6ee2497bb4b1b4aade1a6,,,,,630,Physical,Broken fiber cable,fiber damage,Replace fiber cable
69b6ee2497bb4b1b4aade1a7,,,,,631,Data Link,ARP table error,arp error,Clear ARP cache
69b6ee2497bb4b1b4aade1a8,,,,,632,Session,Session synchronization error,session sync,Restart application
69b6ee2497bb4b1b4aade1a9,,,,,633,Network,TTL expired,ttl expired,Check routing loops
69b6ee2497bb4b1b4aade1aa,,,,,634,Data Link,Frame check sequence error,fcs error,Replace faulty cable
69b6ee2497bb4b1b4aade1ab,,,,,646,Session,Session not established,session fail,Restart service
69b6ee2497bb4b1b4aade1ac,,,,,647,Network,Gateway not reachable,gateway unreachable,Check default gateway
69b6ee2497bb4b1b4aade1ad,,,,,648,Application,HTTP 500 error,500 server,Restart web server
69b6ee2497bb4b1b4aade1ae,,,,,649,Physical,Power outage affecting network,power electricity,Restore power supply
69b6ee2497bb4b1b4aade1af,,,,,650,Physical,Ethernet port not detecting cable,port ethernet issue,Try another port
69b6ee2497bb4b1b4aade1b0,,,,,651,Presentation,Certificate chain error,certificate chain,Install full chain
69b6ee2497bb4b1b4aade1b1,,,,,652,Application,Database connection failed,database connection,Check DB connection
69b6ee2497bb4b1b4aade1b2,,,,,653,Session,Authentication server unreachable,auth server,Restart authentication server
69b6ee2497bb4b1b4aade1b3,,,,,654,Session,Session token expired,token expired,Generate new token
69b6ee2497bb4b1b4aade1b4,,,,,655,Physical,Network cable unplugged,cable unplugged ethernet,Plug the Ethernet cable properly
69b6ee2497bb4b1b4aade1b5,,,,,656,Presentation,TLS protocol mismatch,tls mismatch,Update TLS version
69b6ee2497bb4b1b4aade1b6,,,,,657,Data Link,Frame collision,collision ethernet,Use switch instead of hub
69b6ee2497bb4b1b4aade1b7,,,,,658,Session,Authentication server unreachable,auth server,Restart authentication server
69b6ee2497bb4b1b4aade1b8,,,,,659,Transport,Transport layer congestion,transport congestion,Adjust buffer size
69b6ee2497bb4b1b4aade1b9,,,,,638,Network,Network congestion,network congestion,Reduce traffic load
69b6ee2497bb4b1b4aade1ba,,,,,661,Physical,Incorrect cable type,wrong cable,Use correct cable like Cat6
69b6ee2497bb4b1b4aade1bb,,,,,662,Application,HTTP 500 error,500 server,Restart web server
69b6ee2497bb4b1b4aade1bc,,,,,663,Data Link,VLAN misconfiguration,vlan config,Correct VLAN settings
69b6ee2497bb4b1b4aade1bd,,,,,635,Presentation,Encryption key mismatch,key mismatch,Regenerate keys
69b6ee2497bb4b1b4aade1be,,,,,636,Presentation,Unsupported file format,file format,Convert format
69b6ee2497bb4b1b4aade1bf,,,,,637,Data Link,Switch port disabled,switch port disabled,Enable switch port
69b6ee2497bb4b1b4aade1c0,,,,,642,Physical,Network adapter disabled,adapter disabled,Enable network adapter
69b6ee2497bb4b1b4aade1c1,,,,,639,Presentation,Certificate expired,certificate expired,Renew certificate
69b6ee2497bb4b1b4aade1c2,,,,,640,Transport,TCP slow start delay,tcp slow,Optimize TCP parameters
69b6ee2497bb4b1b4aade1c3,,,,,660,Session,Session restore failure,session restore,Reauthenticate
69b6ee2497bb4b1b4aade1c4,,,,,641,Physical,Ethernet port not detecting cable,port ethernet issue,Try another port
69b6ee2497bb4b1b4aade1c5,,,,,643,Presentation,Unsupported file format,file format,Convert format
69b6ee2497bb4b1b4aade1c6,,,,,645,Data Link,ARP poisoning attack,arp attack,Enable security features
69b6ee2497bb4b1b4aade1c7,,,,,644,Physical,Switch not working,switch dead,Restart or replace switch
69b6ee2497bb4b1b4aade1c8,,,,,664,Network,Network congestion,network congestion,Reduce traffic load
69b6ee2497bb4b1b4aade1c9,,,,,665,Network,Network congestion,network congestion,Reduce traffic load
69b6ee2497bb4b1b4aade1ca,,,,,666,Transport,Incorrect port configuration,port config,Verify port numbers
69b6ee2497bb4b1b4aade1cb,,,,,667,Physical,Switch not working,switch dead,Restart or replace switch
69b6ee2497bb4b1b4aade1cc,,,,,669,Presentation,SSL handshake failed,ssl handshake,Update certificates
69b6ee2497bb4b1b4aade1cd,,,,,668,Data Link,Switch firmware outdated,switch firmware,Update firmware
69b6ee2497bb4b1b4aade1ce,,,,,670,Network,NAT misconfiguration,nat error,Reconfigure NAT
69b6ee2497bb4b1b4aade1cf,,,,,671,Transport,TCP connection timeout,tcp timeout,Check server availability
69b6ee2497bb4b1b4aade1d0,,,,,673,Data Link,Switch MAC table overflow,mac table switch,Restart switch
69b6ee2497bb4b1b4aade1d1,,,,,672,Network,Invalid IP address,invalid ip,Configure correct IP
69b6ee2497bb4b1b4aade1d2,,,,,674,Physical,Loose LAN connection,lan loose port,Reconnect LAN cable
69b6ee2497bb4b1b4aade1d3,,,,,675,Transport,Packet retransmission,packet retransmission,Reduce congestion
69b6ee2497bb4b1b4aade1d4,,,,,676,Network,ICMP blocked,icmp ping,Enable ICMP
69b6ee2497bb4b1b4aade1d5,,,,,677,Transport,TCP connection timeout,tcp timeout,Check server availability
69b6ee2497bb4b1b4aade1d6,,,,,689,Network,Static route misconfigured,static route,Correct static route
69b6ee2497bb4b1b4aade1d7,,,,,690,Network,Packet loss,packet loss,Check congestion
69b6ee2497bb4b1b4aade1d8,,,,,691,Session,Session hijacking attempt,session hijack,Enable encryption
69b6ee2497bb4b1b4aade1d9,,,,,692,Application,Proxy server error,proxy error,Disable proxy
69b6ee2497bb4b1b4aade1da,,,,,693,Presentation,Compression error,compression error,Disable compression
69b6ee2497bb4b1b4aade1db,,,,,694,Network,Network unreachable,network unreachable,Verify routing table
69b6ee2497bb4b1b4aade1dc,,,,,695,Transport,Packet retransmission,packet retransmission,Reduce congestion
69b6ee2497bb4b1b4aade1dd,,,,,696,Application,DNS server not responding,dns server,Change DNS server
69b6ee2497bb4b1b4aade1de,,,,,697,Physical,Router power off,router power off,Turn on router power supply
69b6ee2497bb4b1b4aade1df,,,,,698,Network,TTL expired,ttl expired,Check routing loops
69b6ee2497bb4b1b4aade1e0,,,,,699,Network,Static route misconfigured,static route,Correct static route
69b6ee2497bb4b1b4aade1e1,,,,,700,Physical,Network adapter disabled,adapter disabled,Enable network adapter
69b6ee2497bb4b1b4aade1e2,,,,,701,Data Link,Switch MAC table overflow,mac table switch,Restart switch
69b6ee2497bb4b1b4aade1e3,,,,,702,Physical,WiFi router not powered,wifi router off,Check power adapter
69b6ee2497bb4b1b4aade1e4,,,,,683,Presentation,SSL certificate invalid,ssl certificate,Install valid certificate
69b6ee2497bb4b1b4aade1e5,,,,,704,Presentation,SSL handshake failed,ssl handshake,Update certificates
69b6ee2497bb4b1b4aade1e6,,,,,705,Application,Browser cache issue,browser cache,Clear browser cache
69b6ee2497bb4b1b4aade1e7,,,,,706,Presentation,Secure channel failure,secure channel,Restart secure service
69b6ee2497bb4b1b4aade1e8,,,,,707,Physical,Network cable unplugged,cable unplugged ethernet,Plug the Ethernet cable properly
69b6ee2497bb4b1b4aade1e9,,,,,708,Physical,Faulty modem,modem issue,Restart or replace modem
69b6ee2497bb4b1b4aade1ea,,,,,678,Data Link,Frame check sequence error,fcs error,Replace faulty cable
69b6ee2497bb4b1b4aade1eb,,,,,710,Physical,Faulty modem,modem issue,Restart or replace modem
69b6ee2497bb4b1b4aade1ec,,,,,711,Presentation,Encoding issue,encoding problem,Use UTF8 encoding
69b6ee2497bb4b1b4aade1ed,,,,,712,Physical,Ethernet port not detecting cable,port ethernet issue,Try another port
69b6ee2497bb4b1b4aade1ee,,,,,709,Physical,Faulty modem,modem issue,Restart or replace modem
69b6ee2497bb4b1b4aade1ef,,,,,713,Transport,Session timeout,session timeout,Increase timeout
69b6ee2497bb4b1b4aade1f0,,,,,714,Data Link,Switch firmware outdated,switch firmware,Update firmware
69b6ee2497bb4b1b4aade1f1,,,,,716,Transport,Transport layer congestion,transport congestion,Adjust buffer size
69b6ee2497bb4b1b4aade1f2,,,,,715,Presentation,Unsupported file format,file format,Convert format
69b6ee2497bb4b1b4aade1f3,,,,,717,Session,Remote session disconnect,remote session,Check connection
69b6ee2497bb4b1b4aade1f4,,,,,719,Transport,Session timeout,session timeout,Increase timeout
69b6ee2497bb4b1b4aade1f5,,,,,720,Transport,UDP service not responding,udp service,Restart service
69b6ee2497bb4b1b4aade1f6,,,,,718,Presentation,Data serialization error,serialization error,Correct data format
69b6ee2497bb4b1b4aade1f7,,,,,721,Presentation,TLS protocol mismatch,tls mismatch,Update TLS version
69b6ee2497bb4b1b4aade1f8,,,,,723,Data Link,Spanning tree loop,stp loop,Configure STP properly
69b6ee2497bb4b1b4aade1f9,,,,,722,Transport,Port blocked,port blocked,Open port in firewall
69b6ee2497bb4b1b4aade1fa,,,,,724,Data Link,Spanning tree loop,stp loop,Configure STP properly
69b6ee2497bb4b1b4aade1fb,,,,,725,Physical,Faulty modem,modem issue,Restart or replace modem
69b6ee2497bb4b1b4aade1fc,,,,,726,Application,Website not loading,website loading,Check server status
69b6ee2497bb4b1b4aade1fd,,,,,684,Physical,Power outage affecting network,power electricity,Restore power supply
69b6ee2497bb4b1b4aade1fe,,,,,727,Transport,TCP connection timeout,tcp timeout,Check server availability
69b6ee2497bb4b1b4aade1ff,,,,,728,Application,API request failed,api request,Check API endpoint
69b6ee2497bb4b1b4aade200,,,,,729,Application,Website not loading,website loading,Check server status
69b6ee2497bb4b1b4aade201,,,,,730,Network,Packet loss,packet loss,Check congestion
69b6ee2497bb4b1b4aade202,,,,,731,Application,Proxy server error,proxy error,Disable proxy
69b6ee2497bb4b1b4aade203,,,,,732,Session,VPN session dropped,vpn drop,Reconnect VPN
69b6ee2497bb4b1b4aade204,,,,,733,Physical,Network cable unplugged,cable unplugged ethernet,Plug the Ethernet cable properly
69b6ee2497bb4b1b4aade205,,,,,734,Physical,Signal interference,signal noise,Remove interference source
69b6ee2497bb4b1b4aade206,,,,,735,Session,Session synchronization error,session sync,Restart application
69b6ee2497bb4b1b4aade207,,,,,736,Physical,Network card failure,nic network card,Replace network interface card
69b6ee2497bb4b1b4aade208,,,,,737,Data Link,Duplicate MAC address,duplicate mac,Reassign MAC
69b6ee2497bb4b1b4aade209,,,,,738,Network,Subnet mismatch,subnet mask,Correct subnet mask
69b6ee2497bb4b1b4aade20a,,,,,739,Application,API request failed,api request,Check API endpoint
69b6ee2497bb4b1b4aade20b,,,,,741,Physical,Switch not working,switch dead,Restart or replace switch
69b6ee2497bb4b1b4aade20c,,,,,742,Physical,Power outage affecting network,power electricity,Restore power supply
69b6ee2497bb4b1b4aade20d,,,,,679,Data Link,ARP table error,arp error,Clear ARP cache
69b6ee2497bb4b1b4aade20e,,,,,744,Presentation,SSL configuration error,ssl config,Reconfigure SSL
69b6ee2497bb4b1b4aade20f,,,,,745,Application,Service unavailable,503 service,Restart service
69b6ee2497bb4b1b4aade210,,,,,746,Session,Session ID mismatch,session id,Clear session cache
69b6ee2497bb4b1b4aade211,,,,,747,Application,DNS resolution failure,dns resolve,Flush DNS
69b6ee2497bb4b1b4aade212,,,,,748,Physical,Incorrect cable type,wrong cable,Use correct cable like Cat6
69b6ee2497bb4b1b4aade213,,,,,749,Network,Network congestion,network congestion,Reduce traffic load
69b6ee2497bb4b1b4aade214,,,,,680,Network,NAT misconfiguration,nat error,Reconfigure NAT
69b6ee2497bb4b1b4aade215,,,,,681,Data Link,Frame check sequence error,fcs error,Replace faulty cable
69b6ee2497bb4b1b4aade216,,,,,682,Transport,Incorrect port configuration,port config,Verify port numbers
69b6ee2497bb4b1b4aade217,,,,,687,Physical,Incorrect cable type,wrong cable,Use correct cable like Cat6
69b6ee2497bb4b1b4aade218,,,,,685,Data Link,Switch MAC table overflow,mac table switch,Restart switch
69b6ee2497bb4b1b4aade219,,,,,686,Data Link,Broadcast storm,broadcast storm,Enable STP
69b6ee2497bb4b1b4aade21a,,,,,703,Network,ICMP blocked,icmp ping,Enable ICMP
69b6ee2497bb4b1b4aade21b,,,,,688,Physical,Signal interference,signal noise,Remove interference source
69b6ee2497bb4b1b4aade21c,,,,,740,Session,Remote session disconnect,remote session,Check connection
69b6ee2497bb4b1b4aade21d,,,,,743,Network,Incorrect routing table,routing table,Update routes
69b6ee2497bb4b1b4aade21e,,,,,750,Network,Network unreachable,network unreachable,Verify routing table
69b6ee2497bb4b1b4aade21f,,,,,752,Network,IP address conflict,ip conflict,Renew IP address
69b6ee2497bb4b1b4aade220,,,,,751,Session,Session ID mismatch,session id,Clear session cache
69b6ee2497bb4b1b4aade221,,,,,754,Transport,Too many connections,connection limit,Increase server limit
69b6ee2497bb4b1b4aade222,,,,,753,Presentation,Secure channel failure,secure channel,Restart secure service
69b6ee2497bb4b1b4aade223,,,,,756,Application,HTTP 500 error,500 server,Restart web server
69b6ee2497bb4b1b4aade224,,,,,755,Network,Packet loss,packet loss,Check congestion
69b6ee2497bb4b1b4aade225,,,,,758,Session,Duplicate sessions,duplicate session,Terminate extra sessions
69b6ee2497bb4b1b4aade226,,,,,757,Application,Database connection failed,database connection,Check DB connection
69b6ee2497bb4b1b4aade227,,,,,759,Application,HTTP 404 error,404 error,Check URL
69b6ee2497bb4b1b4aade228,,,,,760,Data Link,Network interface not detecting MAC,mac detection,Reset network adapter
69b6ee2497bb4b1b4aade229,,,,,764,Session,Session synchronization error,session sync,Restart application
69b6ee2497bb4b1b4aade22a,,,,,761,Application,HTTP 500 error,500 server,Restart web server
69b6ee2497bb4b1b4aade22b,,,,,774,Transport,Firewall blocking port,firewall port,Allow port in firewall
69b6ee2497bb4b1b4aade22c,,,,,775,Application,API request failed,api request,Check API endpoint
69b6ee2497bb4b1b4aade22d,,,,,776,Transport,Too many connections,connection limit,Increase server limit
69b6ee2497bb4b1b4aade22e,,,,,777,Data Link,MAC filtering blocking device,mac filter,Update MAC filter list
69b6ee2497bb4b1b4aade22f,,,,,778,Data Link,Frame check sequence error,fcs error,Replace faulty cable
69b6ee2497bb4b1b4aade230,,,,,773,Physical,Incorrect cable type,wrong cable,Use correct cable like Cat6
69b6ee2497bb4b1b4aade231,,,,,780,Physical,Loose LAN connection,lan loose port,Reconnect LAN cable
69b6ee2497bb4b1b4aade232,,,,,781,Data Link,Switch MAC table overflow,mac table switch,Restart switch
69b6ee2497bb4b1b4aade233,,,,,782,Session,Session hijacking attempt,session hijack,Enable encryption
69b6ee2497bb4b1b4aade234,,,,,783,Transport,TCP handshake failure,tcp handshake,Restart service
69b6ee2497bb4b1b4aade235,,,,,784,Presentation,TLS protocol mismatch,tls mismatch,Update TLS version
69b6ee2497bb4b1b4aade236,,,,,785,Data Link,MAC address conflict,mac conflict,Reset devices
69b6ee2497bb4b1b4aade237,,,,,786,Session,Session timeout,session timeout,Increase timeout
69b6ee2497bb4b1b4aade238,,,,,766,Network,Static route misconfigured,static route,Correct static route
69b6ee2497bb4b1b4aade239,,,,,788,Transport,UDP service not responding,udp service,Restart service
69b6ee2497bb4b1b4aade23a,,,,,789,Presentation,Unsupported file format,file format,Convert format
69b6ee2497bb4b1b4aade23b,,,,,790,Transport,UDP packet loss,udp loss,Improve network stability
69b6ee2497bb4b1b4aade23c,,,,,767,Session,Session timeout,session timeout,Increase timeout
69b6ee2497bb4b1b4aade23d,,,,,769,Transport,TCP connection timeout,tcp timeout,Check server availability
69b6ee2497bb4b1b4aade23e,,,,,771,Presentation,TLS protocol mismatch,tls mismatch,Update TLS version
69b6ee2497bb4b1b4aade23f,,,,,772,Transport,Too many connections,connection limit,Increase server limit
69b6ee2497bb4b1b4aade240,,,,,770,Transport,Too many connections,connection limit,Increase server limit
69b6ee2497bb4b1b4aade241,,,,,762,Data Link,Frame check sequence error,fcs error,Replace faulty cable
69b6ee2497bb4b1b4aade242,,,,,763,Transport,SYN flood attack,syn attack,Enable SYN protection
69b6ee2497bb4b1b4aade243,,,,,779,Physical,Overheating router,router heat,Allow router cooling
69b6ee2497bb4b1b4aade244,,,,,768,Application,Web server down,server down,Restart server
69b6ee2497bb4b1b4aade245,,,,,799,Session,Session token expired,token expired,Generate new token
69b6ee2497bb4b1b4aade246,,,,,791,Presentation,TLS protocol mismatch,tls mismatch,Update TLS version
69b6ee2497bb4b1b4aade247,,,,,792,Presentation,Secure channel failure,secure channel,Restart secure service
69b6ee2497bb4b1b4aade248,,,,,793,Application,API request failed,api request,Check API endpoint
69b6ee2497bb4b1b4aade249,,,,,794,Application,Database connection failed,database connection,Check DB connection
69b6ee2497bb4b1b4aade24a,,,,,795,Session,Session synchronization error,session sync,Restart application
69b6ee2497bb4b1b4aade24b,,,,,796,Network,Network unreachable,network unreachable,Verify routing table
69b6ee2497bb4b1b4aade24c,,,,,797,Presentation,Data format mismatch,format mismatch,Convert data format
69b6ee2497bb4b1b4aade24d,,,,,798,Session,Remote session disconnect,remote session,Check connection
69b6ee2497bb4b1b4aade24e,,,,,787,Session,Secure session failure,secure session,Check certificates
69b6ee2497bb4b1b4aade24f,,,,,800,Application,DNS resolution failure,dns resolve,Flush DNS
69b6ee2497bb4b1b4aade250,,,,,801,Physical,Damaged ethernet cable,cable broken ethernet,Replace the ethernet cable
69b6ee2497bb4b1b4aade251,,,,,802,Physical,Network adapter disabled,adapter disabled,Enable network adapter
69b6ee2497bb4b1b4aade252,,,,,803,Network,Subnet mismatch,subnet mask,Correct subnet mask
69b6ee2497bb4b1b4aade253,,,,,804,Physical,Overheating router,router heat,Allow router cooling
69b6ee2497bb4b1b4aade254,,,,,805,Session,Authentication server unreachable,auth server,Restart authentication server
69b6ee2497bb4b1b4aade255,,,,,806,Data Link,Frame check sequence error,fcs error,Replace faulty cable
69b6ee2497bb4b1b4aade256,,,,,807,Network,Firewall blocking IP,firewall block ip,Allow IP in firewall
69b6ee2497bb4b1b4aade257,,,,,808,Presentation,Certificate chain error,certificate chain,Install full chain
69b6ee2497bb4b1b4aade258,,,,,809,Presentation,Secure channel failure,secure channel,Restart secure service
69b6ee2497bb4b1b4aade259,,,,,810,Presentation,Unsupported file format,file format,Convert format
69b6ee2497bb4b1b4aade25a,,,,,811,Application,DNS server not responding,dns server,Change DNS server
69b6ee2497bb4b1b4aade25b,,,,,812,Presentation,SSL handshake failed,ssl handshake,Update certificates
69b6ee2497bb4b1b4aade25c,,,,,815,Physical,WiFi router not powered,wifi router off,Check power adapter
69b6ee2497bb4b1b4aade25d,,,,,819,Presentation,Encryption key mismatch,key mismatch,Regenerate keys
69b6ee2497bb4b1b4aade25e,,,,,825,Application,HTTP 500 error,500 server,Restart web server
69b6ee2497bb4b1b4aade25f,,,,,826,Session,Session hijacking attempt,session hijack,Enable encryption
69b6ee2497bb4b1b4aade260,,,,,827,Session,Secure session failure,secure session,Check certificates
69b6ee2497bb4b1b4aade261,,,,,828,Network,Packet loss,packet loss,Check congestion
69b6ee2497bb4b1b4aade262,,,,,829,Presentation,TLS protocol mismatch,tls mismatch,Update TLS version
69b6ee2497bb4b1b4aade263,,,,,830,Presentation,SSL configuration error,ssl config,Reconfigure SSL
69b6ee2497bb4b1b4aade264,,,,,831,Transport,Port blocked,port blocked,Open port in firewall
69b6ee2497bb4b1b4aade265,,,,,832,Physical,Damaged ethernet cable,cable broken ethernet,Replace the ethernet cable
69b6ee2497bb4b1b4aade266,,,,,833,Physical,Broken fiber cable,fiber damage,Replace fiber cable
69b6ee2497bb4b1b4aade267,,,,,834,Session,Session encryption failure,session encryption,Update encryption
69b6ee2497bb4b1b4aade268,,,,,835,Data Link,Broadcast storm,broadcast storm,Enable STP
69b6ee2497bb4b1b4aade269,,,,,836,Data Link,ARP table error,arp error,Clear ARP cache
69b6ee2497bb4b1b4aade26a,,,,,837,Session,Duplicate sessions,duplicate session,Terminate extra sessions
69b6ee2497bb4b1b4aade26b,,,,,838,Session,Remote session disconnect,remote session,Check connection
69b6ee2497bb4b1b4aade26c,,,,,839,Application,Proxy server error,proxy error,Disable proxy
69b6ee2497bb4b1b4aade26d,,,,,840,Session,Session encryption failure,session encryption,Update encryption
69b6ee2497bb4b1b4aade26e,,,,,841,Data Link,MAC address conflict,mac conflict,Reset devices
69b6ee2497bb4b1b4aade26f,,,,,842,Network,NAT misconfiguration,nat error,Reconfigure NAT
69b6ee2497bb4b1b4aade270,,,,,843,Application,Website not loading,website loading,Check server status
69b6ee2497bb4b1b4aade271,,,,,844,Application,API request failed,api request,Check API endpoint
69b6ee2497bb4b1b4aade272,,,,,816,Physical,Loose LAN connection,lan loose port,Reconnect LAN cable
69b6ee2497bb4b1b4aade273,,,,,817,Transport,Too many connections,connection limit,Increase server limit
69b6ee2497bb4b1b4aade274,,,,,847,Data Link,ARP table error,arp error,Clear ARP cache
69b6ee2497bb4b1b4aade275,,,,,848,Application,HTTP 500 error,500 server,Restart web server
69b6ee2497bb4b1b4aade276,,,,,849,Transport,UDP packet loss,udp loss,Improve network stability
69b6ee2497bb4b1b4aade277,,,,,850,Data Link,MAC filtering blocking device,mac filter,Update MAC filter list
69b6ee2497bb4b1b4aade278,,,,,851,Transport,Session timeout,session timeout,Increase timeout
69b6ee2497bb4b1b4aade279,,,,,852,Transport,TCP slow start delay,tcp slow,Optimize TCP parameters
69b6ee2497bb4b1b4aade27a,,,,,818,Session,Secure session failure,secure session,Check certificates
69b6ee2497bb4b1b4aade27b,,,,,853,Presentation,Data corruption,data corruption,Retransmit data
69b6ee2497bb4b1b4aade27c,,,,,822,Data Link,Switch port disabled,switch port disabled,Enable switch port
69b6ee2497bb4b1b4aade27d,,,,,854,Network,TTL expired,ttl expired,Check routing loops
69b6ee2497bb4b1b4aade27e,,,,,855,Presentation,TLS protocol mismatch,tls mismatch,Update TLS version
69b6ee2497bb4b1b4aade27f,,,,,856,Session,Session not established,session fail,Restart service
69b6ee2497bb4b1b4aade280,,,,,857,Network,Router firmware outdated,router firmware,Update router firmware
69b6ee2497bb4b1b4aade281,,,,,820,Network,Router firmware outdated,router firmware,Update router firmware
69b6ee2497bb4b1b4aade282,,,,,821,Data Link,Network interface not detecting MAC,mac detection,Reset network adapter
69b6ee2497bb4b1b4aade283,,,,,858,Transport,Connection reset error,connection reset,Check server logs
69b6ee2497bb4b1b4aade284,,,,,859,Presentation,Encryption key mismatch,key mismatch,Regenerate keys
69b6ee2497bb4b1b4aade285,,,,,860,Session,Session ID mismatch,session id,Clear session cache
69b6ee2497bb4b1b4aade286,,,,,861,Presentation,Data serialization error,serialization error,Correct data format
69b6ee2497bb4b1b4aade287,,,,,813,Network,Subnet mismatch,subnet mask,Correct subnet mask
69b6ee2497bb4b1b4aade288,,,,,862,Transport,UDP packet loss,udp loss,Improve network stability
69b6ee2497bb4b1b4aade289,,,,,814,Session,Session token expired,token expired,Generate new token
69b6ee2497bb4b1b4aade28a,,,,,846,Network,Gateway not reachable,gateway unreachable,Check default gateway
69b6ee2497bb4b1b4aade28b,,,,,863,Physical,Network adapter disabled,adapter disabled,Enable network adapter
69b6ee2497bb4b1b4aade28c,,,,,823,Data Link,Network interface not detecting MAC,mac detection,Reset network adapter
69b6ee2497bb4b1b4aade28d,,,,,845,Transport,TCP handshake failure,tcp handshake,Restart service
69b6ee2497bb4b1b4aade28e,,,,,824,Physical,Network adapter disabled,adapter disabled,Enable network adapter
69b6ee2497bb4b1b4aade28f,,,,,864,Physical,Incorrect cable type,wrong cable,Use correct cable like Cat6
69b6ee2497bb4b1b4aade290,,,,,865,Physical,Incorrect cable type,wrong cable,Use correct cable like Cat6
69b6ee2497bb4b1b4aade291,,,,,866,Transport,UDP packet loss,udp loss,Improve network stability
69b6ee2497bb4b1b4aade292,,,,,867,Presentation,Secure channel failure,secure channel,Restart secure service
69b6ee2497bb4b1b4aade293,,,,,868,Physical,WiFi router not powered,wifi router off,Check power adapter
69b6ee2497bb4b1b4aade294,,,,,869,Network,Static route misconfigured,static route,Correct static route
69b6ee2497bb4b1b4aade295,,,,,765,Physical,Network card failure,nic network card,Replace network interface card
69b6ee2497bb4b1b4aade296,,,,,871,Physical,Router power off,router power off,Turn on router power supply
69b6ee2497bb4b1b4aade297,,,,,872,Session,Authentication server unreachable,auth server,Restart authentication server
69b6ee2497bb4b1b4aade298,,,,,873,Session,Remote session disconnect,remote session,Check connection
69b6ee2497bb4b1b4aade299,,,,,874,Network,Network unreachable,network unreachable,Verify routing table
69b6ee2497bb4b1b4aade29a,,,,,870,Physical,WiFi router not powered,wifi router off,Check power adapter
69b6ee2497bb4b1b4aade29b,,,,,876,Session,Session encryption failure,session encryption,Update encryption
69b6ee2497bb4b1b4aade29c,,,,,875,Application,Proxy server error,proxy error,Disable proxy
69b6ee2497bb4b1b4aade29d,,,,,878,Data Link,Frame check sequence error,fcs error,Replace faulty cable
69b6ee2497bb4b1b4aade29e,,,,,877,Presentation,Secure channel failure,secure channel,Restart secure service
69b6ee2497bb4b1b4aade29f,,,,,890,Application,FTP connection failed,ftp connection,Verify credentials
69b6ee2497bb4b1b4aade2a0,,,,,891,Data Link,Network interface not detecting MAC,mac detection,Reset network adapter
69b6ee2497bb4b1b4aade2a1,,,,,892,Transport,Port blocked,port blocked,Open port in firewall
69b6ee2497bb4b1b4aade2a2,,,,,893,Application,API request failed,api request,Check API endpoint
69b6ee2497bb4b1b4aade2a3,,,,,894,Network,Router not routing packets,router routing,Restart router
69b6ee2497bb4b1b4aade2a4,,,,,895,Application,Browser cache issue,browser cache,Clear browser cache
69b6ee2497bb4b1b4aade2a5,,,,,896,Network,Firewall blocking IP,firewall block ip,Allow IP in firewall
69b6ee2497bb4b1b4aade2a6,,,,,897,Physical,Router power off,router power off,Turn on router power supply
69b6ee2497bb4b1b4aade2a7,,,,,898,Application,Website not loading,website loading,Check server status
69b6ee2497bb4b1b4aade2a8,,,,,899,Application,Proxy server error,proxy error,Disable proxy
69b6ee2497bb4b1b4aade2a9,,,,,883,Physical,Power outage affecting network,power electricity,Restore power supply
69b6ee2497bb4b1b4aade2aa,,,,,901,Physical,Power outage affecting network,power electricity,Restore power supply
69b6ee2497bb4b1b4aade2ab,,,,,900,Presentation,Encryption error,encryption error,Update encryption settings
69b6ee2497bb4b1b4aade2ac,,,,,902,Session,Authentication server unreachable,auth server,Restart authentication server
69b6ee2497bb4b1b4aade2ad,,,,,903,Application,Website not loading,website loading,Check server status
69b6ee2497bb4b1b4aade2ae,,,,,905,Data Link,Switch MAC table overflow,mac table switch,Restart switch
69b6ee2497bb4b1b4aade2af,,,,,906,Network,IP address conflict,ip conflict,Renew IP address
69b6ee2497bb4b1b4aade2b0,,,,,907,Physical,Power outage affecting network,power electricity,Restore power supply
69b6ee2497bb4b1b4aade2b1,,,,,908,Session,Authentication server unreachable,auth server,Restart authentication server
69b6ee2497bb4b1b4aade2b2,,,,,909,Network,Gateway not reachable,gateway unreachable,Check default gateway
69b6ee2497bb4b1b4aade2b3,,,,,910,Data Link,Switch firmware outdated,switch firmware,Update firmware
69b6ee2497bb4b1b4aade2b4,,,,,911,Transport,UDP service not responding,udp service,Restart service
69b6ee2497bb4b1b4aade2b5,,,,,912,Data Link,Broadcast storm,broadcast storm,Enable STP
69b6ee2497bb4b1b4aade2b6,,,,,913,Application,Authentication failure,login authentication,Verify credentials
69b6ee2497bb4b1b4aade2b7,,,,,914,Transport,Too many connections,connection limit,Increase server limit
69b6ee2497bb4b1b4aade2b8,,,,,915,Data Link,Broadcast storm,broadcast storm,Enable STP
69b6ee2497bb4b1b4aade2b9,,,,,916,Data Link,MAC filtering blocking device,mac filter,Update MAC filter list
69b6ee2497bb4b1b4aade2ba,,,,,917,Application,Authentication failure,login authentication,Verify credentials
69b6ee2497bb4b1b4aade2bb,,,,,918,Network,Network unreachable,network unreachable,Verify routing table
69b6ee2497bb4b1b4aade2bc,,,,,879,Transport,Transport layer congestion,transport congestion,Adjust buffer size
69b6ee2497bb4b1b4aade2bd,,,,,920,Physical,Damaged ethernet cable,cable broken ethernet,Replace the ethernet cable
69b6ee2497bb4b1b4aade2be,,,,,921,Session,Duplicate sessions,duplicate session,Terminate extra sessions
69b6ee2497bb4b1b4aade2bf,,,,,922,Data Link,ARP poisoning attack,arp attack,Enable security features
69b6ee2497bb4b1b4aade2c0,,,,,923,Transport,TCP handshake failure,tcp handshake,Restart service
69b6ee2497bb4b1b4aade2c1,,,,,881,Transport,Incorrect port configuration,port config,Verify port numbers
69b6ee2497bb4b1b4aade2c2,,,,,924,Network,Incorrect routing table,routing table,Update routes
69b6ee2497bb4b1b4aade2c3,,,,,925,Application,API request failed,api request,Check API endpoint
69b6ee2497bb4b1b4aade2c4,,,,,927,Data Link,Spanning tree loop,stp loop,Configure STP properly
69b6ee2497bb4b1b4aade2c5,,,,,928,Transport,Too many connections,connection limit,Increase server limit
69b6ee2497bb4b1b4aade2c6,,,,,929,Transport,Incorrect port configuration,port config,Verify port numbers
69b6ee2497bb4b1b4aade2c7,,,,,930,Presentation,Data corruption,data corruption,Retransmit data
69b6ee2497bb4b1b4aade2c8,,,,,931,Network,Static route misconfigured,static route,Correct static route
69b6ee2497bb4b1b4aade2c9,,,,,932,Transport,Packet retransmission,packet retransmission,Reduce congestion
69b6ee2497bb4b1b4aade2ca,,,,,926,Transport,UDP service not responding,udp service,Restart service
69b6ee2497bb4b1b4aade2cb,,,,,880,Network,Firewall blocking IP,firewall block ip,Allow IP in firewall
69b6ee2497bb4b1b4aade2cc,,,,,882,Transport,UDP packet loss,udp loss,Improve network stability
69b6ee2497bb4b1b4aade2cd,,,,,887,Physical,Incorrect cable type,wrong cable,Use correct cable like Cat6
69b6ee2497bb4b1b4aade2ce,,,,,884,Session,Secure session failure,secure session,Check certificates
69b6ee2497bb4b1b4aade2cf,,,,,885,Physical,Router power off,router power off,Turn on router power supply
69b6ee2497bb4b1b4aade2d0,,,,,939,Data Link,Broadcast storm,broadcast storm,Enable STP
69b6ee2497bb4b1b4aade2d1,,,,,940,Transport,UDP service not responding,udp service,Restart service
69b6ee2497bb4b1b4aade2d2,,,,,941,Physical,Damaged ethernet cable,cable broken ethernet,Replace the ethernet cable
69b6ee2497bb4b1b4aade2d3,,,,,942,Physical,Signal interference,signal noise,Remove interference source
69b6ee2497bb4b1b4aade2d4,,,,,943,Data Link,Switch firmware outdated,switch firmware,Update firmware
69b6ee2497bb4b1b4aade2d5,,,,,944,Presentation,SSL handshake failed,ssl handshake,Update certificates
69b6ee2497bb4b1b4aade2d6,,,,,945,Presentation,Certificate expired,certificate expired,Renew certificate
69b6ee2497bb4b1b4aade2d7,,,,,946,Session,Remote login failure,remote login,Verify credentials
69b6ee2497bb4b1b4aade2d8,,,,,947,Presentation,Encryption key mismatch,key mismatch,Regenerate keys
69b6ee2497bb4b1b4aade2d9,,,,,948,Session,Remote login failure,remote login,Verify credentials
69b6ee2497bb4b1b4aade2da,,,,,886,Physical,Damaged ethernet cable,cable broken ethernet,Replace the ethernet cable
69b6ee2497bb4b1b4aade2db,,,,,933,Physical,Network card failure,nic network card,Replace network interface card
69b6ee2497bb4b1b4aade2dc,,,,,888,Transport,Transport layer congestion,transport congestion,Adjust buffer size
69b6ee2497bb4b1b4aade2dd,,,,,889,Application,Service unavailable,503 service,Restart service
69b6ee2497bb4b1b4aade2de,,,,,904,Network,Network unreachable,network unreachable,Verify routing table
69b6ee2497bb4b1b4aade2df,,,,,919,Data Link,ARP table error,arp error,Clear ARP cache
69b6ee2497bb4b1b4aade2e0,,,,,936,Application,Proxy server error,proxy error,Disable proxy
69b6ee2497bb4b1b4aade2e1,,,,,934,Presentation,Certificate chain error,certificate chain,Install full chain
69b6ee2497bb4b1b4aade2e2,,,,,935,Session,Session authentication failure,session auth,Re-login
69b6ee2497bb4b1b4aade2e3,,,,,951,Transport,Port blocked,port blocked,Open port in firewall
69b6ee2497bb4b1b4aade2e4,,,,,937,Transport,Load balancer error,load balancer,Reconfigure load balancer
69b6ee2497bb4b1b4aade2e5,,,,,938,Presentation,Encoding issue,encoding problem,Use UTF8 encoding
69b6ee2497bb4b1b4aade2e6,,,,,961,Transport,TCP handshake failure,tcp handshake,Restart service
69b6ee2497bb4b1b4aade2e7,,,,,962,Network,Packet loss,packet loss,Check congestion
69b6ee2497bb4b1b4aade2e8,,,,,963,Presentation,SSL certificate invalid,ssl certificate,Install valid certificate
69b6ee2497bb4b1b4aade2e9,,,,,964,Data Link,Network interface not detecting MAC,mac detection,Reset network adapter
69b6ee2497bb4b1b4aade2ea,,,,,965,Application,HTTP 500 error,500 server,Restart web server
69b6ee2497bb4b1b4aade2eb,,,,,966,Data Link,Network interface not detecting MAC,mac detection,Reset network adapter
69b6ee2497bb4b1b4aade2ec,,,,,967,Physical,Network adapter disabled,adapter disabled,Enable network adapter
69b6ee2497bb4b1b4aade2ed,,,,,968,Presentation,SSL configuration error,ssl config,Reconfigure SSL
69b6ee2497bb4b1b4aade2ee,,,,,969,Application,Email not sending,smtp email,Check SMTP settings
69b6ee2497bb4b1b4aade2ef,,,,,970,Application,Service unavailable,503 service,Restart service
69b6ee2497bb4b1b4aade2f0,,,,,971,Network,IP address conflict,ip conflict,Renew IP address
69b6ee2497bb4b1b4aade2f1,,,,,972,Data Link,MAC address conflict,mac conflict,Reset devices
69b6ee2497bb4b1b4aade2f2,,,,,949,Session,Session restore failure,session restore,Reauthenticate
69b6ee2497bb4b1b4aade2f3,,,,,950,Session,Duplicate sessions,duplicate session,Terminate extra sessions
69b6ee2497bb4b1b4aade2f4,,,,,956,Transport,Incorrect port configuration,port config,Verify port numbers
69b6ee2497bb4b1b4aade2f5,,,,,952,Transport,SYN flood attack,syn attack,Enable SYN protection
69b6ee2497bb4b1b4aade2f6,,,,,953,Presentation,Encryption key mismatch,key mismatch,Regenerate keys
69b6ee2497bb4b1b4aade2f7,,,,,954,Application,DNS server not responding,dns server,Change DNS server
69b6ee2497bb4b1b4aade2f8,,,,,955,Network,Invalid IP address,invalid ip,Configure correct IP
69b6ee2497bb4b1b4aade2f9,,,,,973,Data Link,Switch MAC table overflow,mac table switch,Restart switch
69b6ee2497bb4b1b4aade2fa,,,,,958,Session,Duplicate sessions,duplicate session,Terminate extra sessions
69b6ee2497bb4b1b4aade2fb,,,,,957,Application,Authentication failure,login authentication,Verify credentials
69b6ee2497bb4b1b4aade2fc,,,,,959,Data Link,Network interface not detecting MAC,mac detection,Reset network adapter
69b6ee2497bb4b1b4aade2fd,,,,,977,Data Link,VLAN misconfiguration,vlan config,Correct VLAN settings
69b6ee2497bb4b1b4aade2fe,,,,,974,Application,API request failed,api request,Check API endpoint
69b6ee2497bb4b1b4aade2ff,,,,,975,Presentation,Compression error,compression error,Disable compression
69b6ee2497bb4b1b4aade300,,,,,976,Network,Router firmware outdated,router firmware,Update router firmware
69b6ee2497bb4b1b4aade301,,,,,960,Session,Duplicate sessions,duplicate session,Terminate extra sessions
69b6ee2497bb4b1b4aade302,,,,,982,Transport,Port blocked,port blocked,Open port in firewall
69b6ee2497bb4b1b4aade303,,,,,978,Physical,Damaged ethernet cable,cable broken ethernet,Replace the ethernet cable
69b6ee2497bb4b1b4aade304,,,,,979,Data Link,Spanning tree loop,stp loop,Configure STP properly
69b6ee2497bb4b1b4aade305,,,,,980,Application,Service unavailable,503 service,Restart service
69b6ee2497bb4b1b4aade306,,,,,981,Application,API request failed,api request,Check API endpoint
69b6ee2497bb4b1b4aade307,,,,,986,Physical,Network adapter disabled,adapter disabled,Enable network adapter
69b6ee2497bb4b1b4aade308,,,,,988,Data Link,Switch MAC table overflow,mac table switch,Restart switch
69b6ee2497bb4b1b4aade309,,,,,983,Session,Session hijacking attempt,session hijack,Enable encryption
69b6ee2497bb4b1b4aade30a,,,,,984,Application,DNS server not responding,dns server,Change DNS server
69b6ee2497bb4b1b4aade30b,,,,,985,Presentation,Data corruption,data corruption,Retransmit data
69b6ee2497bb4b1b4aade30c,,,,,987,Session,Session timeout,session timeout,Increase timeout
69b6ee2497bb4b1b4aade30d,,,,,990,Application,DNS resolution failure,dns resolve,Flush DNS
69b6ee2497bb4b1b4aade30e,,,,,992,Physical,Network card failure,nic network card,Replace network interface card
69b6ee2497bb4b1b4aade30f,,,,,991,Network,Router not routing packets,router routing,Restart router
69b6ee2497bb4b1b4aade310,,,,,995,Network,IP address conflict,ip conflict,Renew IP address
69b6ee2497bb4b1b4aade311,,,,,993,Network,TTL expired,ttl expired,Check routing loops
69b6ee2497bb4b1b4aade312,,,,,994,Network,Subnet mismatch,subnet mask,Correct subnet mask
69b6ee2497bb4b1b4aade313,,,,,989,Physical,Incorrect cable type,wrong cable,Use correct cable like Cat6
69b6ee2497bb4b1b4aade314,,,,,997,Data Link,Network interface not detecting MAC,mac detection,Reset network adapter
69b6ee2497bb4b1b4aade315,,,,,996,Session,Remote login failure,remote login,Verify credentials
69b6ee2497bb4b1b4aade316,,,,,998,Transport,Port blocked,port blocked,Open port in firewall
69b6ee2497bb4b1b4aade317,,,,,999,Data Link,Duplicate MAC address,duplicate mac,Reassign MAC
69b6ee2497bb4b1b4aade318,,,,,1000,Network,Static route misconfigured,static route,Correct static route
69b6ee41a05d6d71cf67386e,,,,,1,Session,Remote session disconnect,remote session,Check connection
69b6ee41a05d6d71cf67386f,,,,,2,Network,Network congestion,network congestion,Reduce traffic load
69b6ee41a05d6d71cf673870,,,,,3,Application,Service unavailable,503 service,Restart service
69b6ee41a05d6d71cf673871,,,,,4,Session,Authentication server unreachable,auth server,Restart authentication server
69b6ee41a05d6d71cf673872,,,,,5,Presentation,SSL configuration error,ssl config,Reconfigure SSL
69b6ee41a05d6d71cf673873,,,,,7,Transport,SYN flood attack,syn attack,Enable SYN protection
69b6ee41a05d6d71cf673874,,,,,8,Transport,Port blocked,port blocked,Open port in firewall
69b6ee41a05d6d71cf673875,,,,,9,Transport,Transport layer congestion,transport congestion,Adjust buffer size
69b6ee41a05d6d71cf673876,,,,,10,Network,IP address conflict,ip conflict,Renew IP address
69b6ee41a05d6d71cf673877,,,,,6,Network,Firewall blocking IP,firewall block ip,Allow IP in firewall
69b6ee41a05d6d71cf673878,,,,,11,Session,VPN session dropped,vpn drop,Reconnect VPN
69b6ee41a05d6d71cf673879,,,,,13,Presentation,Data serialization error,serialization error,Correct data format
69b6ee41a05d6d71cf67387a,,,,,12,Session,Duplicate sessions,duplicate session,Terminate extra sessions
69b6ee41a05d6d71cf67387b,,,,,14,Data Link,Spanning tree loop,stp loop,Configure STP properly
69b6ee41a05d6d71cf67387c,,,,,26,Physical,Signal interference,signal noise,Remove interference source
69b6ee41a05d6d71cf67387d,,,,,27,Presentation,Encoding issue,encoding problem,Use UTF8 encoding
69b6ee41a05d6d71cf67387e,,,,,15,Data Link,ARP poisoning attack,arp attack,Enable security features
69b6ee41a05d6d71cf67387f,,,,,28,Data Link,Frame check sequence error,fcs error,Replace faulty cable
69b6ee41a05d6d71cf673880,,,,,20,Application,Web server down,server down,Restart server
69b6ee41a05d6d71cf673881,,,,,25,Physical,Signal interference,signal noise,Remove interference source
69b6ee41a05d6d71cf673882,,,,,16,Application,API request failed,api request,Check API endpoint
69b6ee41a05d6d71cf673883,,,,,21,Presentation,Encryption error,encryption error,Update encryption settings
69b6ee41a05d6d71cf673884,,,,,17,Data Link,Frame collision,collision ethernet,Use switch instead of hub
69b6ee41a05d6d71cf673885,,,,,22,Network,Incorrect routing table,routing table,Update routes
69b6ee41a05d6d71cf673886,,,,,19,Transport,UDP packet loss,udp loss,Improve network stability
69b6ee41a05d6d71cf673887,,,,,23,Session,Session synchronization error,session sync,Restart application
69b6ee41a05d6d71cf673888,,,,,24,Presentation,SSL configuration error,ssl config,Reconfigure SSL
69b6ee41a05d6d71cf673889,,,,,18,Network,Router not routing packets,router routing,Restart router
69b6ee41a05d6d71cf67388a,,,,,29,Physical,Switch not working,switch dead,Restart or replace switch
69b6ee41a05d6d71cf67388b,,,,,30,Network,Invalid IP address,invalid ip,Configure correct IP
69b6ee41a05d6d71cf67388c,,,,,31,Presentation,SSL certificate invalid,ssl certificate,Install valid certificate
69b6ee41a05d6d71cf67388d,,,,,32,Session,Session token expired,token expired,Generate new token
69b6ee41a05d6d71cf67388e,,,,,33,Presentation,Secure channel failure,secure channel,Restart secure service
69b6ee41a05d6d71cf67388f,,,,,35,Application,Service unavailable,503 service,Restart service
69b6ee41a05d6d71cf673890,,,,,36,Session,Session not established,session fail,Restart service
69b6ee41a05d6d71cf673891,,,,,37,Transport,UDP service not responding,udp service,Restart service
69b6ee41a05d6d71cf673892,,,,,38,Session,Session hijacking attempt,session hijack,Enable encryption
69b6ee41a05d6d71cf673893,,,,,34,Physical,Power outage affecting network,power electricity,Restore power supply
69b6ee41a05d6d71cf673894,,,,,40,Session,Duplicate sessions,duplicate session,Terminate extra sessions
69b6ee41a05d6d71cf673895,,,,,39,Transport,UDP packet loss,udp loss,Improve network stability
69b6ee41a05d6d71cf673896,,,,,41,Transport,Firewall blocking port,firewall port,Allow port in firewall
69b6ee41a05d6d71cf673897,,,,,42,Transport,SYN flood attack,syn attack,Enable SYN protection
69b6ee41a05d6d71cf673898,,,,,43,Application,Database connection failed,database connection,Check DB connection
69b6ee41a05d6d71cf673899,,,,,47,Data Link,Switch MAC table overflow,mac table switch,Restart switch
69b6ee41a05d6d71cf67389a,,,,,44,Transport,Transport layer congestion,transport congestion,Adjust buffer size
69b6ee41a05d6d71cf67389b,,,,,56,Physical,Power outage affecting network,power electricity,Restore power supply
69b6ee41a05d6d71cf67389c,,,,,57,Session,Session synchronization error,session sync,Restart application
69b6ee41a05d6d71cf67389d,,,,,58,Physical,Damaged ethernet cable,cable broken ethernet,Replace the ethernet cable
69b6ee41a05d6d71cf67389e,,,,,45,Physical,Network adapter disabled,adapter disabled,Enable network adapter
69b6ee41a05d6d71cf67389f,,,,,46,Presentation,Secure channel failure,secure channel,Restart secure service
69b6ee41a05d6d71cf6738a0,,,,,51,Transport,Too many connections,connection limit,Increase server limit
69b6ee41a05d6d71cf6738a1,,,,,48,Physical,Damaged ethernet cable,cable broken ethernet,Replace the ethernet cable
69b6ee41a05d6d71cf6738a2,,,,,63,Data Link,Incorrect duplex mode,duplex mismatch,Set auto duplex
69b6ee41a05d6d71cf6738a3,,,,,64,Application,Database connection failed,database connection,Check DB connection
69b6ee41a05d6d71cf6738a4,,,,,65,Network,ICMP blocked,icmp ping,Enable ICMP
69b6ee41a05d6d71cf6738a5,,,,,55,Data Link,VLAN misconfiguration,vlan config,Correct VLAN settings
69b6ee41a05d6d71cf6738a6,,,,,52,Data Link,Spanning tree loop,stp loop,Configure STP properly
69b6ee41a05d6d71cf6738a7,,,,,49,Data Link,Incorrect duplex mode,duplex mismatch,Set auto duplex
69b6ee41a05d6d71cf6738a8,,,,,50,Network,ICMP blocked,icmp ping,Enable ICMP
69b6ee41a05d6d71cf6738a9,,,,,53,Application,Application timeout,application timeout,Increase timeout
69b6ee41a05d6d71cf6738aa,,,,,54,Network,NAT misconfiguration,nat error,Reconfigure NAT
69b6ee41a05d6d71cf6738ab,,,,,62,Data Link,Switch firmware outdated,switch firmware,Update firmware
69b6ee41a05d6d71cf6738ac,,,,,59,Presentation,Data corruption,data corruption,Retransmit data
69b6ee41a05d6d71cf6738ad,,,,,60,Application,Email not sending,smtp email,Check SMTP settings
69b6ee41a05d6d71cf6738ae,,,,,61,Network,Router firmware outdated,router firmware,Update router firmware
69b6ee41a05d6d71cf6738af,,,,,69,Data Link,Duplicate MAC address,duplicate mac,Reassign MAC
69b6ee41a05d6d71cf6738b0,,,,,66,Physical,Power outage affecting network,power electricity,Restore power supply
69b6ee41a05d6d71cf6738b1,,,,,67,Transport,Firewall blocking port,firewall port,Allow port in firewall
69b6ee41a05d6d71cf6738b2,,,,,68,Application,Proxy server error,proxy error,Disable proxy
69b6ee41a05d6d71cf6738b3,,,,,73,Data Link,Network interface not detecting MAC,mac detection,Reset network adapter
69b6ee41a05d6d71cf6738b4,,,,,82,Application,Website not loading,website loading,Check server status
69b6ee41a05d6d71cf6738b5,,,,,83,Transport,TCP slow start delay,tcp slow,Optimize TCP parameters
69b6ee41a05d6d71cf6738b6,,,,,84,Data Link,MAC filtering blocking device,mac filter,Update MAC filter list
69b6ee41a05d6d71cf6738b7,,,,,85,Transport,SYN flood attack,syn attack,Enable SYN protection
69b6ee41a05d6d71cf6738b8,,,,,86,Session,VPN session dropped,vpn drop,Reconnect VPN
69b6ee41a05d6d71cf6738b9,,,,,87,Presentation,Secure channel failure,secure channel,Restart secure service
69b6ee41a05d6d71cf6738ba,,,,,88,Session,Session synchronization error,session sync,Restart application
69b6ee41a05d6d71cf6738bb,,,,,89,Presentation,Data corruption,data corruption,Retransmit data
69b6ee41a05d6d71cf6738bc,,,,,90,Network,Invalid IP address,invalid ip,Configure correct IP
69b6ee41a05d6d71cf6738bd,,,,,91,Session,Remote session disconnect,remote session,Check connection
69b6ee41a05d6d71cf6738be,,,,,92,Physical,Power outage affecting network,power electricity,Restore power supply
69b6ee41a05d6d71cf6738bf,,,,,93,Presentation,Compression error,compression error,Disable compression
69b6ee41a05d6d71cf6738c0,,,,,94,Application,Service unavailable,503 service,Restart service
69b6ee41a05d6d71cf6738c1,,,,,95,Physical,Power outage affecting network,power electricity,Restore power supply
69b6ee41a05d6d71cf6738c2,,,,,96,Transport,Connection reset error,connection reset,Check server logs
69b6ee41a05d6d71cf6738c3,,,,,97,Presentation,Data format mismatch,format mismatch,Convert data format
69b6ee41a05d6d71cf6738c4,,,,,98,Network,Router firmware outdated,router firmware,Update router firmware
69b6ee41a05d6d71cf6738c5,,,,,99,Transport,Packet retransmission,packet retransmission,Reduce congestion
69b6ee41a05d6d71cf6738c6,,,,,100,Physical,WiFi router not powered,wifi router off,Check power adapter
69b6ee41a05d6d71cf6738c7,,,,,101,Presentation,Data corruption,data corruption,Retransmit data
69b6ee41a05d6d71cf6738c8,,,,,102,Network,NAT misconfiguration,nat error,Reconfigure NAT
69b6ee41a05d6d71cf6738c9,,,,,103,Application,Proxy server error,proxy error,Disable proxy
69b6ee41a05d6d71cf6738ca,,,,,104,Application,HTTP 500 error,500 server,Restart web server
69b6ee41a05d6d71cf6738cb,,,,,105,Application,Service unavailable,503 service,Restart service
69b6ee41a05d6d71cf6738cc,,,,,77,Physical,Signal interference,signal noise,Remove interference source
69b6ee41a05d6d71cf6738cd,,,,,107,Physical,Broken fiber cable,fiber damage,Replace fiber cable
69b6ee41a05d6d71cf6738ce,,,,,108,Application,Web server down,server down,Restart server
69b6ee41a05d6d71cf6738cf,,,,,109,Physical,Faulty modem,modem issue,Restart or replace modem
69b6ee41a05d6d71cf6738d0,,,,,110,Physical,Signal interference,signal noise,Remove interference source
69b6ee41a05d6d71cf6738d1,,,,,106,Session,Remote login failure,remote login,Verify credentials
69b6ee41a05d6d71cf6738d2,,,,,111,Session,Session encryption failure,session encryption,Update encryption
69b6ee41a05d6d71cf6738d3,,,,,112,Presentation,TLS protocol mismatch,tls mismatch,Update TLS version
69b6ee41a05d6d71cf6738d4,,,,,113,Physical,Damaged ethernet cable,cable broken ethernet,Replace the ethernet cable
69b6ee41a05d6d71cf6738d5,,,,,114,Physical,Loose LAN connection,lan loose port,Reconnect LAN cable
69b6ee41a05d6d71cf6738d6,,,,,115,Network,Invalid IP address,invalid ip,Configure correct IP
69b6ee41a05d6d71cf6738d7,,,,,116,Session,Session timeout,session timeout,Increase timeout
69b6ee41a05d6d71cf6738d8,,,,,118,Physical,Incorrect cable type,wrong cable,Use correct cable like Cat6
69b6ee41a05d6d71cf6738d9,,,,,117,Data Link,Switch port disabled,switch port disabled,Enable switch port
69b6ee41a05d6d71cf6738da,,,,,120,Physical,Network card failure,nic network card,Replace network interface card
69b6ee41a05d6d71cf6738db,,,,,119,Transport,Firewall blocking port,firewall port,Allow port in firewall
69b6ee41a05d6d71cf6738dc,,,,,121,Physical,Damaged ethernet cable,cable broken ethernet,Replace the ethernet cable
69b6ee41a05d6d71cf6738dd,,,,,123,Network,Subnet mismatch,subnet mask,Correct subnet mask
69b6ee41a05d6d71cf6738de,,,,,122,Physical,Network card failure,nic network card,Replace network interface card
69b6ee41a05d6d71cf6738df,,,,,124,Presentation,Encoding issue,encoding problem,Use UTF8 encoding
69b6ee41a05d6d71cf6738e0,,,,,125,Network,Network congestion,network congestion,Reduce traffic load
69b6ee41a05d6d71cf6738e1,,,,,126,Data Link,Network interface not detecting MAC,mac detection,Reset network adapter
69b6ee41a05d6d71cf6738e2,,,,,127,Data Link,Switch firmware outdated,switch firmware,Update firmware
69b6ee41a05d6d71cf6738e3,,,,,128,Physical,Network cable unplugged,cable unplugged ethernet,Plug the Ethernet cable properly
69b6ee41a05d6d71cf6738e4,,,,,129,Transport,UDP packet loss,udp loss,Improve network stability
69b6ee41a05d6d71cf6738e5,,,,,130,Network,ICMP blocked,icmp ping,Enable ICMP
69b6ee41a05d6d71cf6738e6,,,,,131,Network,Network unreachable,network unreachable,Verify routing table
69b6ee41a05d6d71cf6738e7,,,,,132,Presentation,Secure channel failure,secure channel,Restart secure service
69b6ee41a05d6d71cf6738e8,,,,,133,Physical,Overheating router,router heat,Allow router cooling
69b6ee41a05d6d71cf6738e9,,,,,135,Application,API request failed,api request,Check API endpoint
69b6ee41a05d6d71cf6738ea,,,,,70,Presentation,Data serialization error,serialization error,Correct data format
69b6ee41a05d6d71cf6738eb,,,,,136,Presentation,Compression error,compression error,Disable compression
69b6ee41a05d6d71cf6738ec,,,,,137,Application,Browser cache issue,browser cache,Clear browser cache
69b6ee41a05d6d71cf6738ed,,,,,138,Network,Router firmware outdated,router firmware,Update router firmware
69b6ee41a05d6d71cf6738ee,,,,,140,Network,Firewall blocking IP,firewall block ip,Allow IP in firewall
69b6ee41a05d6d71cf6738ef,,,,,139,Data Link,Network interface not detecting MAC,mac detection,Reset network adapter
69b6ee41a05d6d71cf6738f0,,,,,71,Application,Database connection failed,database connection,Check DB connection
69b6ee41a05d6d71cf6738f1,,,,,74,Physical,Network cable unplugged,cable unplugged ethernet,Plug the Ethernet cable properly
69b6ee41a05d6d71cf6738f2,,,,,144,Network,ICMP blocked,icmp ping,Enable ICMP
69b6ee41a05d6d71cf6738f3,,,,,145,Session,Session timeout,session timeout,Increase timeout
69b6ee41a05d6d71cf6738f4,,,,,72,Physical,Switch not working,switch dead,Restart or replace switch
69b6ee41a05d6d71cf6738f5,,,,,146,Physical,Faulty modem,modem issue,Restart or replace modem
69b6ee41a05d6d71cf6738f6,,,,,134,Physical,Signal interference,signal noise,Remove interference source
69b6ee41a05d6d71cf6738f7,,,,,80,Presentation,Certificate chain error,certificate chain,Install full chain
69b6ee41a05d6d71cf6738f8,,,,,81,Network,Firewall blocking IP,firewall block ip,Allow IP in firewall
69b6ee41a05d6d71cf6738f9,,,,,78,Data Link,Incorrect duplex mode,duplex mismatch,Set auto duplex
69b6ee41a05d6d71cf6738fa,,,,,75,Presentation,Encryption key mismatch,key mismatch,Regenerate keys
69b6ee41a05d6d71cf6738fb,,,,,76,Presentation,SSL certificate invalid,ssl certificate,Install valid certificate
69b6ee41a05d6d71cf6738fc,,,,,148,Session,Session synchronization error,session sync,Restart application
69b6ee41a05d6d71cf6738fd,,,,,141,Application,API request failed,api request,Check API endpoint
69b6ee41a05d6d71cf6738fe,,,,,142,Network,Router firmware outdated,router firmware,Update router firmware
69b6ee41a05d6d71cf6738ff,,,,,147,Presentation,Unsupported file format,file format,Convert format
69b6ee41a05d6d71cf673900,,,,,143,Network,Firewall blocking IP,firewall block ip,Allow IP in firewall
69b6ee41a05d6d71cf673901,,,,,159,Presentation,Data format mismatch,format mismatch,Convert data format
69b6ee41a05d6d71cf673902,,,,,158,Network,Packet loss,packet loss,Check congestion
69b6ee41a05d6d71cf673903,,,,,161,Data Link,Switch port disabled,switch port disabled,Enable switch port
69b6ee41a05d6d71cf673904,,,,,160,Data Link,Incorrect duplex mode,duplex mismatch,Set auto duplex
69b6ee41a05d6d71cf673905,,,,,152,Physical,Router power off,router power off,Turn on router power supply
69b6ee41a05d6d71cf673906,,,,,149,Network,Router not routing packets,router routing,Restart router
69b6ee41a05d6d71cf673907,,,,,150,Session,Session ID mismatch,session id,Clear session cache
69b6ee41a05d6d71cf673908,,,,,151,Session,Session restore failure,session restore,Reauthenticate
69b6ee41a05d6d71cf673909,,,,,156,Transport,Load balancer error,load balancer,Reconfigure load balancer
69b6ee41a05d6d71cf67390a,,,,,153,Physical,Faulty modem,modem issue,Restart or replace modem
69b6ee41a05d6d71cf67390b,,,,,154,Data Link,Frame check sequence error,fcs error,Replace faulty cable
69b6ee41a05d6d71cf67390c,,,,,155,Session,Session hijacking attempt,session hijack,Enable encryption
69b6ee41a05d6d71cf67390d,,,,,164,Physical,WiFi router not powered,wifi router off,Check power adapter
69b6ee41a05d6d71cf67390e,,,,,157,Transport,Session timeout,session timeout,Increase timeout
69b6ee41a05d6d71cf67390f,,,,,163,Presentation,Certificate expired,certificate expired,Renew certificate
69b6ee41a05d6d71cf673910,,,,,162,Physical,Signal interference,signal noise,Remove interference source
69b6ee41a05d6d71cf673911,,,,,168,Presentation,Unsupported file format,file format,Convert format
69b6ee41a05d6d71cf673912,,,,,165,Presentation,Data serialization error,serialization error,Correct data format
69b6ee41a05d6d71cf673913,,,,,171,Presentation,Encryption error,encryption error,Update encryption settings
69b6ee41a05d6d71cf673914,,,,,166,Data Link,Switch port disabled,switch port disabled,Enable switch port
69b6ee41a05d6d71cf673915,,,,,169,Presentation,Compression error,compression error,Disable compression
69b6ee41a05d6d71cf673916,,,,,167,Transport,Firewall blocking port,firewall port,Allow port in firewall
69b6ee41a05d6d71cf673917,,,,,170,Session,Session timeout,session timeout,Increase timeout
69b6ee41a05d6d71cf673918,,,,,79,Session,Session not established,session fail,Restart service
69b6ee41a05d6d71cf673919,,,,,175,Application,DNS server not responding,dns server,Change DNS server
69b6ee41a05d6d71cf67391a,,,,,177,Physical,Faulty modem,modem issue,Restart or replace modem
69b6ee41a05d6d71cf67391b,,,,,176,Application,DNS server not responding,dns server,Change DNS server
69b6ee41a05d6d71cf67391c,,,,,172,Transport,Transport layer congestion,transport congestion,Adjust buffer size
69b6ee41a05d6d71cf67391d,,,,,173,Data Link,ARP table error,arp error,Clear ARP cache
69b6ee41a05d6d71cf67391e,,,,,174,Transport,Transport layer congestion,transport congestion,Adjust buffer size
69b6ee41a05d6d71cf67391f,,,,,178,Physical,Network adapter disabled,adapter disabled,Enable network adapter
69b6ee41a05d6d71cf673920,,,,,179,Network,IP address conflict,ip conflict,Renew IP address
69b6ee41a05d6d71cf673921,,,,,183,Application,HTTP 500 error,500 server,Restart web server
69b6ee41a05d6d71cf673922,,,,,181,Data Link,Incorrect duplex mode,duplex mismatch,Set auto duplex
69b6ee41a05d6d71cf673923,,,,,180,Presentation,Secure channel failure,secure channel,Restart secure service
69b6ee41a05d6d71cf673924,,,,,182,Application,HTTP 404 error,404 error,Check URL
69b6ee41a05d6d71cf673925,,,,,184,Data Link,Duplicate MAC address,duplicate mac,Reassign MAC
69b6ee41a05d6d71cf673926,,,,,186,Session,Session not established,session fail,Restart service
69b6ee41a05d6d71cf673927,,,,,185,Presentation,Certificate chain error,certificate chain,Install full chain
69b6ee41a05d6d71cf673928,,,,,190,Application,Application timeout,application timeout,Increase timeout
69b6ee41a05d6d71cf673929,,,,,188,Session,Session synchronization error,session sync,Restart application
69b6ee41a05d6d71cf67392a,,,,,189,Session,Secure session failure,secure session,Check certificates
69b6ee41a05d6d71cf67392b,,,,,187,Transport,SYN flood attack,syn attack,Enable SYN protection
69b6ee41a05d6d71cf67392c,,,,,193,Application,Database connection failed,database connection,Check DB connection
69b6ee41a05d6d71cf67392d,,,,,194,Data Link,ARP table error,arp error,Clear ARP cache
69b6ee41a05d6d71cf67392e,,,,,191,Data Link,MAC filtering blocking device,mac filter,Update MAC filter list
69b6ee41a05d6d71cf67392f,,,,,192,Session,Session hijacking attempt,session hijack,Enable encryption
69b6ee41a05d6d71cf673930,,,,,195,Presentation,SSL handshake failed,ssl handshake,Update certificates
69b6ee41a05d6d71cf673931,,,,,197,Network,Firewall blocking IP,firewall block ip,Allow IP in firewall
69b6ee41a05d6d71cf673932,,,,,198,Physical,WiFi router not powered,wifi router off,Check power adapter
69b6ee41a05d6d71cf673933,,,,,199,Network,IP address conflict,ip conflict,Renew IP address
69b6ee41a05d6d71cf673934,,,,,196,Physical,Signal interference,signal noise,Remove interference source
69b6ee41a05d6d71cf673935,,,,,200,Data Link,Switch firmware outdated,switch firmware,Update firmware
69b6ee41a05d6d71cf673936,,,,,201,Network,TTL expired,ttl expired,Check routing loops
69b6ee41a05d6d71cf673937,,,,,202,Physical,Network adapter disabled,adapter disabled,Enable network adapter
69b6ee41a05d6d71cf673938,,,,,203,Network,Static route misconfigured,static route,Correct static route
69b6ee41a05d6d71cf673939,,,,,204,Network,Network congestion,network congestion,Reduce traffic load
69b6ee41a05d6d71cf67393a,,,,,205,Data Link,Broadcast storm,broadcast storm,Enable STP
69b6ee41a05d6d71cf67393b,,,,,206,Transport,TCP slow start delay,tcp slow,Optimize TCP parameters
69b6ee41a05d6d71cf67393c,,,,,208,Physical,Incorrect cable type,wrong cable,Use correct cable like Cat6
69b6ee41a05d6d71cf67393d,,,,,209,Data Link,VLAN misconfiguration,vlan config,Correct VLAN settings
69b6ee41a05d6d71cf67393e,,,,,210,Session,Secure session failure,secure session,Check certificates
69b6ee41a05d6d71cf67393f,,,,,207,Session,Session synchronization error,session sync,Restart application
69b6ee41a05d6d71cf673940,,,,,211,Transport,UDP service not responding,udp service,Restart service
69b6ee41a05d6d71cf673941,,,,,212,Data Link,Spanning tree loop,stp loop,Configure STP properly
69b6ee41a05d6d71cf673942,,,,,214,Network,TTL expired,ttl expired,Check routing loops
69b6ee41a05d6d71cf673943,,,,,213,Session,Session synchronization error,session sync,Restart application
69b6ee41a05d6d71cf673944,,,,,216,Transport,TCP handshake failure,tcp handshake,Restart service
69b6ee41a05d6d71cf673945,,,,,217,Network,IP address conflict,ip conflict,Renew IP address
69b6ee41a05d6d71cf673946,,,,,215,Physical,WiFi router not powered,wifi router off,Check power adapter
69b6ee41a05d6d71cf673947,,,,,218,Data Link,MAC filtering blocking device,mac filter,Update MAC filter list
69b6ee41a05d6d71cf673948,,,,,219,Physical,Faulty modem,modem issue,Restart or replace modem
69b6ee41a05d6d71cf673949,,,,,220,Data Link,ARP poisoning attack,arp attack,Enable security features
69b6ee41a05d6d71cf67394a,,,,,221,Transport,Packet retransmission,packet retransmission,Reduce congestion
69b6ee41a05d6d71cf67394b,,,,,222,Session,Authentication server unreachable,auth server,Restart authentication server
69b6ee41a05d6d71cf67394c,,,,,223,Application,Email not sending,smtp email,Check SMTP settings
69b6ee41a05d6d71cf67394d,,,,,224,Application,Application timeout,application timeout,Increase timeout
69b6ee41a05d6d71cf67394e,,,,,225,Transport,Packet retransmission,packet retransmission,Reduce congestion
69b6ee41a05d6d71cf67394f,,,,,226,Transport,TCP handshake failure,tcp handshake,Restart service
69b6ee41a05d6d71cf673950,,,,,227,Physical,Overheating router,router heat,Allow router cooling
69b6ee41a05d6d71cf673951,,,,,228,Session,Session authentication failure,session auth,Re-login
69b6ee41a05d6d71cf673952,,,,,229,Session,Secure session failure,secure session,Check certificates
69b6ee41a05d6d71cf673953,,,,,230,Application,Web server down,server down,Restart server
69b6ee41a05d6d71cf673954,,,,,231,Session,Duplicate sessions,duplicate session,Terminate extra sessions
69b6ee41a05d6d71cf673955,,,,,232,Presentation,SSL handshake failed,ssl handshake,Update certificates
69b6ee41a05d6d71cf673956,,,,,233,Physical,Damaged ethernet cable,cable broken ethernet,Replace the ethernet cable
69b6ee41a05d6d71cf673957,,,,,234,Presentation,Compression error,compression error,Disable compression
69b6ee41a05d6d71cf673958,,,,,246,Data Link,Switch port disabled,switch port disabled,Enable switch port
69b6ee41a05d6d71cf673959,,,,,247,Presentation,Data format mismatch,format mismatch,Convert data format
69b6ee41a05d6d71cf67395a,,,,,248,Presentation,SSL handshake failed,ssl handshake,Update certificates
69b6ee41a05d6d71cf67395b,,,,,240,Transport,Load balancer error,load balancer,Reconfigure load balancer
69b6ee41a05d6d71cf67395c,,,,,250,Presentation,Encryption error,encryption error,Update encryption settings
69b6ee41a05d6d71cf67395d,,,,,251,Physical,Signal interference,signal noise,Remove interference source
69b6ee41a05d6d71cf67395e,,,,,252,Data Link,Frame collision,collision ethernet,Use switch instead of hub
69b6ee41a05d6d71cf67395f,,,,,253,Data Link,Incorrect duplex mode,duplex mismatch,Set auto duplex
69b6ee41a05d6d71cf673960,,,,,254,Network,Router not routing packets,router routing,Restart router
69b6ee41a05d6d71cf673961,,,,,255,Data Link,Frame collision,collision ethernet,Use switch instead of hub
69b6ee41a05d6d71cf673962,,,,,256,Transport,TCP handshake failure,tcp handshake,Restart service
69b6ee41a05d6d71cf673963,,,,,237,Session,Session not established,session fail,Restart service
69b6ee41a05d6d71cf673964,,,,,258,Application,Application timeout,application timeout,Increase timeout
69b6ee41a05d6d71cf673965,,,,,259,Session,Session hijacking attempt,session hijack,Enable encryption
69b6ee41a05d6d71cf673966,,,,,257,Application,API request failed,api request,Check API endpoint
69b6ee41a05d6d71cf673967,,,,,260,Transport,UDP service not responding,udp service,Restart service
69b6ee41a05d6d71cf673968,,,,,261,Application,Browser cache issue,browser cache,Clear browser cache
69b6ee41a05d6d71cf673969,,,,,263,Physical,Signal interference,signal noise,Remove interference source
69b6ee41a05d6d71cf67396a,,,,,264,Network,Packet loss,packet loss,Check congestion
69b6ee41a05d6d71cf67396b,,,,,265,Presentation,Secure channel failure,secure channel,Restart secure service
69b6ee41a05d6d71cf67396c,,,,,262,Transport,Too many connections,connection limit,Increase server limit
69b6ee41a05d6d71cf67396d,,,,,267,Network,Invalid IP address,invalid ip,Configure correct IP
69b6ee41a05d6d71cf67396e,,,,,268,Data Link,Network interface not detecting MAC,mac detection,Reset network adapter
69b6ee41a05d6d71cf67396f,,,,,269,Physical,Faulty modem,modem issue,Restart or replace modem
69b6ee41a05d6d71cf673970,,,,,270,Application,FTP connection failed,ftp connection,Verify credentials
69b6ee41a05d6d71cf673971,,,,,271,Session,VPN session dropped,vpn drop,Reconnect VPN
69b6ee41a05d6d71cf673972,,,,,272,Presentation,Certificate chain error,certificate chain,Install full chain
69b6ee41a05d6d71cf673973,,,,,273,Network,Router firmware outdated,router firmware,Update router firmware
69b6ee41a05d6d71cf673974,,,,,274,Network,IP address conflict,ip conflict,Renew IP address
69b6ee41a05d6d71cf673975,,,,,275,Transport,SYN flood attack,syn attack,Enable SYN protection
69b6ee41a05d6d71cf673976,,,,,276,Network,Network unreachable,network unreachable,Verify routing table
69b6ee41a05d6d71cf673977,,,,,238,Application,API request failed,api request,Check API endpoint
69b6ee41a05d6d71cf673978,,,,,278,Physical,Faulty modem,modem issue,Restart or replace modem
69b6ee41a05d6d71cf673979,,,,,277,Network,ICMP blocked,icmp ping,Enable ICMP
69b6ee41a05d6d71cf67397a,,,,,279,Data Link,Broadcast storm,broadcast storm,Enable STP
69b6ee41a05d6d71cf67397b,,,,,281,Session,Session authentication failure,session auth,Re-login
69b6ee41a05d6d71cf67397c,,,,,280,Application,Web server down,server down,Restart server
69b6ee41a05d6d71cf67397d,,,,,243,Network,IP address conflict,ip conflict,Renew IP address
69b6ee41a05d6d71cf67397e,,,,,283,Transport,TCP connection timeout,tcp timeout,Check server availability
69b6ee41a05d6d71cf67397f,,,,,282,Session,Session synchronization error,session sync,Restart application
69b6ee41a05d6d71cf673980,,,,,285,Data Link,MAC filtering blocking device,mac filter,Update MAC filter list
69b6ee41a05d6d71cf673981,,,,,286,Data Link,ARP poisoning attack,arp attack,Enable security features
69b6ee41a05d6d71cf673982,,,,,284,Physical,Network card failure,nic network card,Replace network interface card
69b6ee41a05d6d71cf673983,,,,,241,Data Link,Spanning tree loop,stp loop,Configure STP properly
69b6ee41a05d6d71cf673984,,,,,235,Transport,Firewall blocking port,firewall port,Allow port in firewall
69b6ee41a05d6d71cf673985,,,,,236,Transport,Load balancer error,load balancer,Reconfigure load balancer
69b6ee41a05d6d71cf673986,,,,,242,Network,Incorrect routing table,routing table,Update routes
69b6ee41a05d6d71cf673987,,,,,239,Network,Static route misconfigured,static route,Correct static route
69b6ee41a05d6d71cf673988,,,,,249,Network,Subnet mismatch,subnet mask,Correct subnet mask
69b6ee41a05d6d71cf673989,,,,,244,Application,API request failed,api request,Check API endpoint
69b6ee41a05d6d71cf67398a,,,,,266,Presentation,TLS protocol mismatch,tls mismatch,Update TLS version
69b6ee41a05d6d71cf67398b,,,,,287,Transport,UDP packet loss,udp loss,Improve network stability
69b6ee41a05d6d71cf67398c,,,,,288,Presentation,SSL handshake failed,ssl handshake,Update certificates
69b6ee41a05d6d71cf67398d,,,,,245,Presentation,SSL configuration error,ssl config,Reconfigure SSL
69b6ee41a05d6d71cf67398e,,,,,289,Application,Authentication failure,login authentication,Verify credentials
69b6ee41a05d6d71cf67398f,,,,,290,Application,FTP connection failed,ftp connection,Verify credentials
69b6ee41a05d6d71cf673990,,,,,292,Presentation,Certificate expired,certificate expired,Renew certificate
69b6ee41a05d6d71cf673991,,,,,293,Data Link,Switch MAC table overflow,mac table switch,Restart switch
69b6ee41a05d6d71cf673992,,,,,294,Application,HTTP 404 error,404 error,Check URL
69b6ee41a05d6d71cf673993,,,,,295,Presentation,Compression error,compression error,Disable compression
69b6ee41a05d6d71cf673994,,,,,291,Session,Remote login failure,remote login,Verify credentials
69b6ee41a05d6d71cf673995,,,,,296,Application,HTTP 404 error,404 error,Check URL
69b6ee41a05d6d71cf673996,,,,,297,Transport,Connection reset error,connection reset,Check server logs
69b6ee41a05d6d71cf673997,,,,,299,Application,Web server down,server down,Restart server
69b6ee41a05d6d71cf673998,,,,,298,Session,Duplicate sessions,duplicate session,Terminate extra sessions
69b6ee41a05d6d71cf673999,,,,,301,Presentation,Encryption key mismatch,key mismatch,Regenerate keys
69b6ee41a05d6d71cf67399a,,,,,302,Network,Incorrect routing table,routing table,Update routes
69b6ee41a05d6d71cf67399b,,,,,300,Application,DNS resolution failure,dns resolve,Flush DNS
69b6ee41a05d6d71cf67399c,,,,,303,Application,API request failed,api request,Check API endpoint
69b6ee41a05d6d71cf67399d,,,,,304,Application,DNS resolution failure,dns resolve,Flush DNS
69b6ee41a05d6d71cf67399e,,,,,305,Application,HTTP 404 error,404 error,Check URL
69b6ee41a05d6d71cf67399f,,,,,306,Presentation,Data format mismatch,format mismatch,Convert data format
69b6ee41a05d6d71cf6739a0,,,,,307,Application,DNS server not responding,dns server,Change DNS server
69b6ee41a05d6d71cf6739a1,,,,,308,Network,IP address conflict,ip conflict,Renew IP address
69b6ee41a05d6d71cf6739a2,,,,,309,Data Link,ARP poisoning attack,arp attack,Enable security features
69b6ee41a05d6d71cf6739a3,,,,,310,Presentation,Data corruption,data corruption,Retransmit data
69b6ee41a05d6d71cf6739a4,,,,,311,Presentation,Certificate chain error,certificate chain,Install full chain
69b6ee41a05d6d71cf6739a5,,,,,312,Data Link,Switch MAC table overflow,mac table switch,Restart switch
69b6ee41a05d6d71cf6739a6,,,,,313,Physical,Broken fiber cable,fiber damage,Replace fiber cable
69b6ee41a05d6d71cf6739a7,,,,,314,Network,Network unreachable,network unreachable,Verify routing table
69b6ee41a05d6d71cf6739a8,,,,,315,Session,Session hijacking attempt,session hijack,Enable encryption
69b6ee41a05d6d71cf6739a9,,,,,316,Presentation,Data format mismatch,format mismatch,Convert data format
69b6ee41a05d6d71cf6739aa,,,,,317,Network,Invalid IP address,invalid ip,Configure correct IP
69b6ee41a05d6d71cf6739ab,,,,,319,Presentation,Encoding issue,encoding problem,Use UTF8 encoding
69b6ee41a05d6d71cf6739ac,,,,,323,Application,HTTP 404 error,404 error,Check URL
69b6ee41a05d6d71cf6739ad,,,,,320,Physical,WiFi router not powered,wifi router off,Check power adapter
69b6ee41a05d6d71cf6739ae,,,,,318,Data Link,VLAN misconfiguration,vlan config,Correct VLAN settings
69b6ee41a05d6d71cf6739af,,,,,321,Presentation,Data corruption,data corruption,Retransmit data
69b6ee41a05d6d71cf6739b0,,,,,332,Application,Proxy server error,proxy error,Disable proxy
69b6ee41a05d6d71cf6739b1,,,,,327,Application,Browser cache issue,browser cache,Clear browser cache
69b6ee41a05d6d71cf6739b2,,,,,329,Application,Web server down,server down,Restart server
69b6ee41a05d6d71cf6739b3,,,,,328,Network,Router not routing packets,router routing,Restart router
69b6ee41a05d6d71cf6739b4,,,,,324,Physical,Faulty modem,modem issue,Restart or replace modem
69b6ee41a05d6d71cf6739b5,,,,,325,Data Link,Frame check sequence error,fcs error,Replace faulty cable
69b6ee41a05d6d71cf6739b6,,,,,326,Network,Router firmware outdated,router firmware,Update router firmware
69b6ee41a05d6d71cf6739b7,,,,,322,Application,FTP connection failed,ftp connection,Verify credentials
69b6ee41a05d6d71cf6739b8,,,,,335,Network,NAT misconfiguration,nat error,Reconfigure NAT
69b6ee41a05d6d71cf6739b9,,,,,331,Session,Secure session failure,secure session,Check certificates
69b6ee41a05d6d71cf6739ba,,,,,343,Presentation,Secure channel failure,secure channel,Restart secure service
69b6ee41a05d6d71cf6739bb,,,,,333,Network,Incorrect routing table,routing table,Update routes
69b6ee41a05d6d71cf6739bc,,,,,330,Physical,Network adapter disabled,adapter disabled,Enable network adapter
69b6ee41a05d6d71cf6739bd,,,,,339,Application,API request failed,api request,Check API endpoint
69b6ee41a05d6d71cf6739be,,,,,334,Application,HTTP 404 error,404 error,Check URL
69b6ee41a05d6d71cf6739bf,,,,,337,Transport,Connection reset error,connection reset,Check server logs
69b6ee41a05d6d71cf6739c0,,,,,338,Presentation,Data serialization error,serialization error,Correct data format
69b6ee41a05d6d71cf6739c1,,,,,336,Session,Session not established,session fail,Restart service
69b6ee41a05d6d71cf6739c2,,,,,344,Data Link,Switch MAC table overflow,mac table switch,Restart switch
69b6ee41a05d6d71cf6739c3,,,,,342,Session,Session authentication failure,session auth,Re-login
69b6ee41a05d6d71cf6739c4,,,,,341,Session,Session hijacking attempt,session hijack,Enable encryption
69b6ee41a05d6d71cf6739c5,,,,,346,Physical,WiFi router not powered,wifi router off,Check power adapter
69b6ee41a05d6d71cf6739c6,,,,,345,Presentation,Secure channel failure,secure channel,Restart secure service
69b6ee41a05d6d71cf6739c7,,,,,348,Data Link,MAC filtering blocking device,mac filter,Update MAC filter list
69b6ee41a05d6d71cf6739c8,,,,,340,Application,Database connection failed,database connection,Check DB connection
69b6ee41a05d6d71cf6739c9,,,,,347,Session,Session encryption failure,session encryption,Update encryption
69b6ee41a05d6d71cf6739ca,,,,,350,Physical,Signal interference,signal noise,Remove interference source
69b6ee41a05d6d71cf6739cb,,,,,349,Presentation,Encoding issue,encoding problem,Use UTF8 encoding
69b6ee41a05d6d71cf6739cc,,,,,351,Session,VPN session dropped,vpn drop,Reconnect VPN
69b6ee41a05d6d71cf6739cd,,,,,354,Network,Invalid IP address,invalid ip,Configure correct IP
69b6ee41a05d6d71cf6739ce,,,,,353,Physical,Faulty modem,modem issue,Restart or replace modem
69b6ee41a05d6d71cf6739cf,,,,,352,Data Link,Frame check sequence error,fcs error,Replace faulty cable
69b6ee41a05d6d71cf6739d0,,,,,355,Session,VPN session dropped,vpn drop,Reconnect VPN
69b6ee41a05d6d71cf6739d1,,,,,356,Presentation,Encryption key mismatch,key mismatch,Regenerate keys
69b6ee41a05d6d71cf6739d2,,,,,357,Data Link,Incorrect duplex mode,duplex mismatch,Set auto duplex
69b6ee41a05d6d71cf6739d3,,,,,358,Data Link,Frame check sequence error,fcs error,Replace faulty cable
69b6ee41a05d6d71cf6739d4,,,,,360,Physical,WiFi router not powered,wifi router off,Check power adapter
69b6ee41a05d6d71cf6739d5,,,,,359,Physical,Overheating router,router heat,Allow router cooling
69b6ee41a05d6d71cf6739d6,,,,,361,Presentation,Compression error,compression error,Disable compression
69b6ee41a05d6d71cf6739d7,,,,,363,Presentation,Encryption error,encryption error,Update encryption settings
69b6ee41a05d6d71cf6739d8,,,,,364,Physical,Network cable unplugged,cable unplugged ethernet,Plug the Ethernet cable properly
69b6ee41a05d6d71cf6739d9,,,,,365,Transport,TCP connection timeout,tcp timeout,Check server availability
69b6ee41a05d6d71cf6739da,,,,,366,Presentation,Compression error,compression error,Disable compression
69b6ee41a05d6d71cf6739db,,,,,367,Network,Static route misconfigured,static route,Correct static route
69b6ee41a05d6d71cf6739dc,,,,,362,Session,Session encryption failure,session encryption,Update encryption
69b6ee41a05d6d71cf6739dd,,,,,368,Transport,SYN flood attack,syn attack,Enable SYN protection
69b6ee41a05d6d71cf6739de,,,,,369,Network,Invalid IP address,invalid ip,Configure correct IP
69b6ee41a05d6d71cf6739df,,,,,371,Network,Network unreachable,network unreachable,Verify routing table
69b6ee41a05d6d71cf6739e0,,,,,370,Session,Authentication server unreachable,auth server,Restart authentication server
69b6ee41a05d6d71cf6739e1,,,,,372,Data Link,Duplicate MAC address,duplicate mac,Reassign MAC
69b6ee41a05d6d71cf6739e2,,,,,374,Presentation,Encryption error,encryption error,Update encryption settings
69b6ee41a05d6d71cf6739e3,,,,,373,Transport,Firewall blocking port,firewall port,Allow port in firewall
69b6ee41a05d6d71cf6739e4,,,,,375,Presentation,Encoding issue,encoding problem,Use UTF8 encoding
69b6ee41a05d6d71cf6739e5,,,,,377,Data Link,Frame check sequence error,fcs error,Replace faulty cable
69b6ee41a05d6d71cf6739e6,,,,,378,Session,VPN session dropped,vpn drop,Reconnect VPN
69b6ee41a05d6d71cf6739e7,,,,,376,Presentation,TLS protocol mismatch,tls mismatch,Update TLS version
69b6ee41a05d6d71cf6739e8,,,,,379,Transport,Transport layer congestion,transport congestion,Adjust buffer size
69b6ee41a05d6d71cf6739e9,,,,,380,Data Link,Network interface not detecting MAC,mac detection,Reset network adapter
69b6ee41a05d6d71cf6739ea,,,,,381,Data Link,Switch MAC table overflow,mac table switch,Restart switch
69b6ee41a05d6d71cf6739eb,,,,,382,Network,Invalid IP address,invalid ip,Configure correct IP
69b6ee41a05d6d71cf6739ec,,,,,386,Application,FTP connection failed,ftp connection,Verify credentials
69b6ee41a05d6d71cf6739ed,,,,,384,Network,ICMP blocked,icmp ping,Enable ICMP
69b6ee41a05d6d71cf6739ee,,,,,388,Physical,Damaged ethernet cable,cable broken ethernet,Replace the ethernet cable
69b6ee41a05d6d71cf6739ef,,,,,387,Transport,TCP slow start delay,tcp slow,Optimize TCP parameters
69b6ee41a05d6d71cf6739f0,,,,,390,Physical,Damaged ethernet cable,cable broken ethernet,Replace the ethernet cable
69b6ee41a05d6d71cf6739f1,,,,,389,Physical,Ethernet port not detecting cable,port ethernet issue,Try another port
69b6ee41a05d6d71cf6739f2,,,,,391,Transport,Session timeout,session timeout,Increase timeout
69b6ee41a05d6d71cf6739f3,,,,,396,Presentation,TLS protocol mismatch,tls mismatch,Update TLS version
69b6ee41a05d6d71cf6739f4,,,,,402,Data Link,Incorrect duplex mode,duplex mismatch,Set auto duplex
69b6ee41a05d6d71cf6739f5,,,,,403,Physical,Power outage affecting network,power electricity,Restore power supply
69b6ee41a05d6d71cf6739f6,,,,,383,Physical,Broken fiber cable,fiber damage,Replace fiber cable
69b6ee41a05d6d71cf6739f7,,,,,404,Transport,TCP handshake failure,tcp handshake,Restart service
69b6ee41a05d6d71cf6739f8,,,,,405,Presentation,TLS protocol mismatch,tls mismatch,Update TLS version
69b6ee41a05d6d71cf6739f9,,,,,406,Data Link,Duplicate MAC address,duplicate mac,Reassign MAC
69b6ee41a05d6d71cf6739fa,,,,,408,Transport,TCP slow start delay,tcp slow,Optimize TCP parameters
69b6ee41a05d6d71cf6739fb,,,,,392,Session,Authentication server unreachable,auth server,Restart authentication server
69b6ee41a05d6d71cf6739fc,,,,,410,Application,Web server down,server down,Restart server
69b6ee41a05d6d71cf6739fd,,,,,411,Session,Session ID mismatch,session id,Clear session cache
69b6ee41a05d6d71cf6739fe,,,,,412,Session,Session restore failure,session restore,Reauthenticate
69b6ee41a05d6d71cf6739ff,,,,,413,Application,Web server down,server down,Restart server
69b6ee41a05d6d71cf673a00,,,,,393,Session,Session not established,session fail,Restart service
69b6ee41a05d6d71cf673a01,,,,,415,Network,Invalid IP address,invalid ip,Configure correct IP
69b6ee41a05d6d71cf673a02,,,,,416,Physical,Network cable unplugged,cable unplugged ethernet,Plug the Ethernet cable properly
69b6ee41a05d6d71cf673a03,,,,,417,Application,Website not loading,website loading,Check server status
69b6ee41a05d6d71cf673a04,,,,,418,Data Link,Switch port disabled,switch port disabled,Enable switch port
69b6ee41a05d6d71cf673a05,,,,,407,Session,Session token expired,token expired,Generate new token
69b6ee41a05d6d71cf673a06,,,,,419,Transport,UDP service not responding,udp service,Restart service
69b6ee41a05d6d71cf673a07,,,,,420,Presentation,Encryption error,encryption error,Update encryption settings
69b6ee41a05d6d71cf673a08,,,,,421,Session,Session ID mismatch,session id,Clear session cache
69b6ee41a05d6d71cf673a09,,,,,400,Network,Router firmware outdated,router firmware,Update router firmware
69b6ee41a05d6d71cf673a0a,,,,,414,Physical,Network card failure,nic network card,Replace network interface card
69b6ee41a05d6d71cf673a0b,,,,,424,Session,Session hijacking attempt,session hijack,Enable encryption
69b6ee41a05d6d71cf673a0c,,,,,397,Transport,TCP slow start delay,tcp slow,Optimize TCP parameters
69b6ee41a05d6d71cf673a0d,,,,,398,Data Link,Spanning tree loop,stp loop,Configure STP properly
69b6ee41a05d6d71cf673a0e,,,,,399,Physical,Damaged ethernet cable,cable broken ethernet,Replace the ethernet cable
69b6ee41a05d6d71cf673a0f,,,,,422,Session,Session encryption failure,session encryption,Update encryption
69b6ee41a05d6d71cf673a10,,,,,401,Data Link,Switch MAC table overflow,mac table switch,Restart switch
69b6ee41a05d6d71cf673a11,,,,,409,Physical,Power outage affecting network,power electricity,Restore power supply
69b6ee41a05d6d71cf673a12,,,,,394,Application,API request failed,api request,Check API endpoint
69b6ee41a05d6d71cf673a13,,,,,425,Physical,Incorrect cable type,wrong cable,Use correct cable like Cat6
69b6ee41a05d6d71cf673a14,,,,,395,Physical,WiFi router not powered,wifi router off,Check power adapter
69b6ee41a05d6d71cf673a15,,,,,423,Network,Router firmware outdated,router firmware,Update router firmware
69b6ee41a05d6d71cf673a16,,,,,427,Session,Duplicate sessions,duplicate session,Terminate extra sessions
69b6ee41a05d6d71cf673a17,,,,,428,Session,Session ID mismatch,session id,Clear session cache
69b6ee41a05d6d71cf673a18,,,,,426,Physical,Faulty modem,modem issue,Restart or replace modem
69b6ee41a05d6d71cf673a19,,,,,429,Session,Session hijacking attempt,session hijack,Enable encryption
69b6ee41a05d6d71cf673a1a,,,,,430,Transport,TCP slow start delay,tcp slow,Optimize TCP parameters
69b6ee41a05d6d71cf673a1b,,,,,431,Session,Session ID mismatch,session id,Clear session cache
69b6ee41a05d6d71cf673a1c,,,,,432,Presentation,Encryption error,encryption error,Update encryption settings
69b6ee41a05d6d71cf673a1d,,,,,433,Network,Subnet mismatch,subnet mask,Correct subnet mask
69b6ee41a05d6d71cf673a1e,,,,,434,Session,Session ID mismatch,session id,Clear session cache
69b6ee41a05d6d71cf673a1f,,,,,385,Presentation,Data corruption,data corruption,Retransmit data
69b6ee41a05d6d71cf673a20,,,,,437,Transport,Packet retransmission,packet retransmission,Reduce congestion
69b6ee41a05d6d71cf673a21,,,,,440,Presentation,SSL configuration error,ssl config,Reconfigure SSL
69b6ee41a05d6d71cf673a22,,,,,435,Application,DNS resolution failure,dns resolve,Flush DNS
69b6ee41a05d6d71cf673a23,,,,,436,Presentation,Data serialization error,serialization error,Correct data format
69b6ee41a05d6d71cf673a24,,,,,438,Presentation,Unsupported file format,file format,Convert format
69b6ee41a05d6d71cf673a25,,,,,439,Session,Session not established,session fail,Restart service
69b6ee41a05d6d71cf673a26,,,,,444,Data Link,Frame check sequence error,fcs error,Replace faulty cable
69b6ee41a05d6d71cf673a27,,,,,442,Presentation,Secure channel failure,secure channel,Restart secure service
69b6ee41a05d6d71cf673a28,,,,,443,Network,NAT misconfiguration,nat error,Reconfigure NAT
69b6ee41a05d6d71cf673a29,,,,,446,Session,Duplicate sessions,duplicate session,Terminate extra sessions
69b6ee41a05d6d71cf673a2a,,,,,441,Session,Session synchronization error,session sync,Restart application
69b6ee41a05d6d71cf673a2b,,,,,445,Presentation,Unsupported file format,file format,Convert format
69b6ee41a05d6d71cf673a2c,,,,,448,Application,Browser cache issue,browser cache,Clear browser cache
69b6ee41a05d6d71cf673a2d,,,,,449,Session,Session synchronization error,session sync,Restart application
69b6ee41a05d6d71cf673a2e,,,,,450,Application,HTTP 500 error,500 server,Restart web server
69b6ee41a05d6d71cf673a2f,,,,,447,Session,Session ID mismatch,session id,Clear session cache
69b6ee41a05d6d71cf673a30,,,,,462,Presentation,Encoding issue,encoding problem,Use UTF8 encoding
69b6ee41a05d6d71cf673a31,,,,,463,Session,Remote session disconnect,remote session,Check connection
69b6ee41a05d6d71cf673a32,,,,,464,Data Link,Spanning tree loop,stp loop,Configure STP properly
69b6ee41a05d6d71cf673a33,,,,,465,Data Link,Incorrect duplex mode,duplex mismatch,Set auto duplex
69b6ee41a05d6d71cf673a34,,,,,461,Network,Network congestion,network congestion,Reduce traffic load
69b6ee41a05d6d71cf673a35,,,,,467,Network,Invalid IP address,invalid ip,Configure correct IP
69b6ee41a05d6d71cf673a36,,,,,468,Physical,WiFi router not powered,wifi router off,Check power adapter
69b6ee41a05d6d71cf673a37,,,,,469,Presentation,Unsupported file format,file format,Convert format
69b6ee41a05d6d71cf673a38,,,,,470,Physical,Network adapter disabled,adapter disabled,Enable network adapter
69b6ee41a05d6d71cf673a39,,,,,471,Session,Session restore failure,session restore,Reauthenticate
69b6ee41a05d6d71cf673a3a,,,,,472,Session,Session token expired,token expired,Generate new token
69b6ee41a05d6d71cf673a3b,,,,,473,Application,Website not loading,website loading,Check server status
69b6ee41a05d6d71cf673a3c,,,,,466,Physical,Network cable unplugged,cable unplugged ethernet,Plug the Ethernet cable properly
69b6ee41a05d6d71cf673a3d,,,,,458,Presentation,Certificate expired,certificate expired,Renew certificate
69b6ee41a05d6d71cf673a3e,,,,,474,Session,Session encryption failure,session encryption,Update encryption
69b6ee41a05d6d71cf673a3f,,,,,476,Presentation,TLS protocol mismatch,tls mismatch,Update TLS version
69b6ee41a05d6d71cf673a40,,,,,478,Session,Remote login failure,remote login,Verify credentials
69b6ee41a05d6d71cf673a41,,,,,475,Session,Session token expired,token expired,Generate new token
69b6ee41a05d6d71cf673a42,,,,,477,Network,Network congestion,network congestion,Reduce traffic load
69b6ee41a05d6d71cf673a43,,,,,456,Session,Session ID mismatch,session id,Clear session cache
69b6ee41a05d6d71cf673a44,,,,,457,Physical,Network cable unplugged,cable unplugged ethernet,Plug the Ethernet cable properly
69b6ee41a05d6d71cf673a45,,,,,459,Physical,Network cable unplugged,cable unplugged ethernet,Plug the Ethernet cable properly
69b6ee41a05d6d71cf673a46,,,,,460,Transport,SYN flood attack,syn attack,Enable SYN protection
69b6ee41a05d6d71cf673a47,,,,,452,Physical,Damaged ethernet cable,cable broken ethernet,Replace the ethernet cable
69b6ee41a05d6d71cf673a48,,,,,451,Application,DNS resolution failure,dns resolve,Flush DNS
69b6ee41a05d6d71cf673a49,,,,,479,Presentation,SSL certificate invalid,ssl certificate,Install valid certificate
69b6ee41a05d6d71cf673a4a,,,,,454,Network,TTL expired,ttl expired,Check routing loops
69b6ee41a05d6d71cf673a4b,,,,,455,Network,Network congestion,network congestion,Reduce traffic load
69b6ee41a05d6d71cf673a4c,,,,,480,Network,TTL expired,ttl expired,Check routing loops
69b6ee41a05d6d71cf673a4d,,,,,453,Application,Website not loading,website loading,Check server status
69b6ee41a05d6d71cf673a4e,,,,,482,Presentation,Certificate expired,certificate expired,Renew certificate
69b6ee41a05d6d71cf673a4f,,,,,483,Presentation,Certificate chain error,certificate chain,Install full chain
69b6ee41a05d6d71cf673a50,,,,,481,Transport,Load balancer error,load balancer,Reconfigure load balancer
69b6ee41a05d6d71cf673a51,,,,,485,Transport,Load balancer error,load balancer,Reconfigure load balancer
69b6ee41a05d6d71cf673a52,,,,,484,Data Link,Switch port disabled,switch port disabled,Enable switch port
69b6ee41a05d6d71cf673a53,,,,,486,Data Link,Switch port disabled,switch port disabled,Enable switch port
69b6ee41a05d6d71cf673a54,,,,,488,Presentation,TLS protocol mismatch,tls mismatch,Update TLS version
69b6ee41a05d6d71cf673a55,,,,,489,Physical,Network adapter disabled,adapter disabled,Enable network adapter
69b6ee41a05d6d71cf673a56,,,,,487,Session,Session timeout,session timeout,Increase timeout
69b6ee41a05d6d71cf673a57,,,,,490,Session,Authentication server unreachable,auth server,Restart authentication server
69b6ee41a05d6d71cf673a58,,,,,491,Presentation,SSL configuration error,ssl config,Reconfigure SSL
69b6ee41a05d6d71cf673a59,,,,,492,Network,Packet loss,packet loss,Check congestion
69b6ee41a05d6d71cf673a5a,,,,,493,Application,FTP connection failed,ftp connection,Verify credentials
69b6ee41a05d6d71cf673a5b,,,,,495,Physical,Network adapter disabled,adapter disabled,Enable network adapter
69b6ee41a05d6d71cf673a5c,,,,,496,Presentation,Data format mismatch,format mismatch,Convert data format
69b6ee41a05d6d71cf673a5d,,,,,494,Application,DNS resolution failure,dns resolve,Flush DNS
69b6ee41a05d6d71cf673a5e,,,,,497,Network,Router firmware outdated,router firmware,Update router firmware
69b6ee41a05d6d71cf673a5f,,,,,498,Network,Network unreachable,network unreachable,Verify routing table
69b6ee41a05d6d71cf673a60,,,,,499,Application,Proxy server error,proxy error,Disable proxy
69b6ee41a05d6d71cf673a61,,,,,500,Presentation,Certificate expired,certificate expired,Renew certificate
69b6ee41a05d6d71cf673a62,,,,,501,Presentation,Certificate expired,certificate expired,Renew certificate
69b6ee41a05d6d71cf673a63,,,,,502,Network,Network unreachable,network unreachable,Verify routing table
69b6ee41a05d6d71cf673a64,,,,,503,Data Link,Network interface not detecting MAC,mac detection,Reset network adapter
69b6ee41a05d6d71cf673a65,,,,,504,Session,Authentication server unreachable,auth server,Restart authentication server
69b6ee41a05d6d71cf673a66,,,,,505,Application,HTTP 404 error,404 error,Check URL
69b6ee41a05d6d71cf673a67,,,,,506,Network,Subnet mismatch,subnet mask,Correct subnet mask
69b6ee41a05d6d71cf673a68,,,,,507,Presentation,Unsupported file format,file format,Convert format
69b6ee41a05d6d71cf673a69,,,,,508,Presentation,Data serialization error,serialization error,Correct data format
69b6ee41a05d6d71cf673a6a,,,,,509,Application,Database connection failed,database connection,Check DB connection
69b6ee41a05d6d71cf673a6b,,,,,510,Session,Secure session failure,secure session,Check certificates
69b6ee41a05d6d71cf673a6c,,,,,511,Transport,Port blocked,port blocked,Open port in firewall
69b6ee41a05d6d71cf673a6d,,,,,512,Transport,Port blocked,port blocked,Open port in firewall
69b6ee41a05d6d71cf673a6e,,,,,513,Data Link,MAC address conflict,mac conflict,Reset devices
69b6ee41a05d6d71cf673a6f,,,,,515,Application,Application timeout,application timeout,Increase timeout
69b6ee41a05d6d71cf673a70,,,,,516,Application,Service unavailable,503 service,Restart service
69b6ee41a05d6d71cf673a71,,,,,514,Transport,Firewall blocking port,firewall port,Allow port in firewall
69b6ee41a05d6d71cf673a72,,,,,517,Physical,Switch not working,switch dead,Restart or replace switch
69b6ee41a05d6d71cf673a73,,,,,519,Transport,Load balancer error,load balancer,Reconfigure load balancer
69b6ee41a05d6d71cf673a74,,,,,518,Transport,SYN flood attack,syn attack,Enable SYN protection
69b6ee41a05d6d71cf673a75,,,,,520,Data Link,VLAN misconfiguration,vlan config,Correct VLAN settings
69b6ee41a05d6d71cf673a76,,,,,522,Transport,UDP packet loss,udp loss,Improve network stability
69b6ee41a05d6d71cf673a77,,,,,521,Session,Session encryption failure,session encryption,Update encryption
69b6ee41a05d6d71cf673a78,,,,,523,Session,VPN session dropped,vpn drop,Reconnect VPN
69b6ee41a05d6d71cf673a79,,,,,524,Transport,Packet retransmission,packet retransmission,Reduce congestion
69b6ee41a05d6d71cf673a7a,,,,,525,Data Link,Switch firmware outdated,switch firmware,Update firmware
69b6ee41a05d6d71cf673a7b,,,,,528,Physical,Damaged ethernet cable,cable broken ethernet,Replace the ethernet cable
69b6ee41a05d6d71cf673a7c,,,,,527,Session,Session hijacking attempt,session hijack,Enable encryption
69b6ee41a05d6d71cf673a7d,,,,,529,Presentation,TLS protocol mismatch,tls mismatch,Update TLS version
69b6ee41a05d6d71cf673a7e,,,,,530,Application,Browser cache issue,browser cache,Clear browser cache
69b6ee41a05d6d71cf673a7f,,,,,526,Transport,TCP connection timeout,tcp timeout,Check server availability
69b6ee41a05d6d71cf673a80,,,,,533,Transport,TCP connection timeout,tcp timeout,Check server availability
69b6ee41a05d6d71cf673a81,,,,,531,Physical,Power outage affecting network,power electricity,Restore power supply
69b6ee41a05d6d71cf673a82,,,,,532,Transport,Packet retransmission,packet retransmission,Reduce congestion
69b6ee41a05d6d71cf673a83,,,,,545,Physical,Router power off,router power off,Turn on router power supply
69b6ee41a05d6d71cf673a84,,,,,546,Network,Packet loss,packet loss,Check congestion
69b6ee41a05d6d71cf673a85,,,,,547,Transport,Too many connections,connection limit,Increase server limit
69b6ee41a05d6d71cf673a86,,,,,539,Transport,Connection reset error,connection reset,Check server logs
69b6ee41a05d6d71cf673a87,,,,,548,Data Link,Switch firmware outdated,switch firmware,Update firmware
69b6ee41a05d6d71cf673a88,,,,,549,Physical,Switch not working,switch dead,Restart or replace switch
69b6ee41a05d6d71cf673a89,,,,,551,Physical,Broken fiber cable,fiber damage,Replace fiber cable
69b6ee41a05d6d71cf673a8a,,,,,550,Data Link,Switch port disabled,switch port disabled,Enable switch port
69b6ee41a05d6d71cf673a8b,,,,,552,Application,FTP connection failed,ftp connection,Verify credentials
69b6ee41a05d6d71cf673a8c,,,,,553,Presentation,Certificate expired,certificate expired,Renew certificate
69b6ee41a05d6d71cf673a8d,,,,,555,Network,NAT misconfiguration,nat error,Reconfigure NAT
69b6ee41a05d6d71cf673a8e,,,,,556,Physical,Switch not working,switch dead,Restart or replace switch
69b6ee41a05d6d71cf673a8f,,,,,554,Network,Firewall blocking IP,firewall block ip,Allow IP in firewall
69b6ee41a05d6d71cf673a90,,,,,557,Physical,Ethernet port not detecting cable,port ethernet issue,Try another port
69b6ee41a05d6d71cf673a91,,,,,558,Network,Incorrect routing table,routing table,Update routes
69b6ee41a05d6d71cf673a92,,,,,534,Physical,Loose LAN connection,lan loose port,Reconnect LAN cable
69b6ee41a05d6d71cf673a93,,,,,535,Transport,UDP service not responding,udp service,Restart service
69b6ee41a05d6d71cf673a94,,,,,536,Session,Session ID mismatch,session id,Clear session cache
69b6ee41a05d6d71cf673a95,,,,,537,Session,Session timeout,session timeout,Increase timeout
69b6ee41a05d6d71cf673a96,,,,,538,Presentation,Unsupported file format,file format,Convert format
69b6ee41a05d6d71cf673a97,,,,,544,Transport,Too many connections,connection limit,Increase server limit
69b6ee41a05d6d71cf673a98,,,,,540,Application,DNS resolution failure,dns resolve,Flush DNS
69b6ee41a05d6d71cf673a99,,,,,541,Presentation,Data corruption,data corruption,Retransmit data
69b6ee41a05d6d71cf673a9a,,,,,542,Data Link,Duplicate MAC address,duplicate mac,Reassign MAC
69b6ee41a05d6d71cf673a9b,,,,,543,Network,Static route misconfigured,static route,Correct static route
69b6ee41a05d6d71cf673a9c,,,,,559,Physical,Power outage affecting network,power electricity,Restore power supply
69b6ee41a05d6d71cf673a9d,,,,,562,Session,Session authentication failure,session auth,Re-login
69b6ee41a05d6d71cf673a9e,,,,,563,Data Link,ARP table error,arp error,Clear ARP cache
69b6ee41a05d6d71cf673a9f,,,,,564,Transport,TCP slow start delay,tcp slow,Optimize TCP parameters
69b6ee41a05d6d71cf673aa0,,,,,565,Session,Secure session failure,secure session,Check certificates
69b6ee41a05d6d71cf673aa1,,,,,566,Presentation,SSL handshake failed,ssl handshake,Update certificates
69b6ee41a05d6d71cf673aa2,,,,,567,Transport,UDP service not responding,udp service,Restart service
69b6ee41a05d6d71cf673aa3,,,,,569,Application,Application timeout,application timeout,Increase timeout
69b6ee41a05d6d71cf673aa4,,,,,570,Session,Secure session failure,secure session,Check certificates
69b6ee41a05d6d71cf673aa5,,,,,571,Session,Secure session failure,secure session,Check certificates
69b6ee41a05d6d71cf673aa6,,,,,568,Data Link,Switch firmware outdated,switch firmware,Update firmware
69b6ee41a05d6d71cf673aa7,,,,,573,Network,TTL expired,ttl expired,Check routing loops
69b6ee41a05d6d71cf673aa8,,,,,572,Presentation,Certificate chain error,certificate chain,Install full chain
69b6ee41a05d6d71cf673aa9,,,,,575,Application,HTTP 500 error,500 server,Restart web server
69b6ee41a05d6d71cf673aaa,,,,,574,Session,Session restore failure,session restore,Reauthenticate
69b6ee41a05d6d71cf673aab,,,,,560,Transport,Session timeout,session timeout,Increase timeout
69b6ee41a05d6d71cf673aac,,,,,561,Application,Authentication failure,login authentication,Verify credentials
69b6ee41a05d6d71cf673aad,,,,,577,Application,FTP connection failed,ftp connection,Verify credentials
69b6ee41a05d6d71cf673aae,,,,,576,Transport,Session timeout,session timeout,Increase timeout
69b6ee41a05d6d71cf673aaf,,,,,579,Network,Incorrect routing table,routing table,Update routes
69b6ee41a05d6d71cf673ab0,,,,,578,Transport,TCP handshake failure,tcp handshake,Restart service
69b6ee41a05d6d71cf673ab1,,,,,581,Presentation,TLS protocol mismatch,tls mismatch,Update TLS version
69b6ee41a05d6d71cf673ab2,,,,,580,Presentation,Encryption key mismatch,key mismatch,Regenerate keys
69b6ee41a05d6d71cf673ab3,,,,,582,Network,Router not routing packets,router routing,Restart router
69b6ee41a05d6d71cf673ab4,,,,,583,Data Link,ARP poisoning attack,arp attack,Enable security features
69b6ee41a05d6d71cf673ab5,,,,,584,Data Link,Incorrect duplex mode,duplex mismatch,Set auto duplex
69b6ee41a05d6d71cf673ab6,,,,,587,Transport,SYN flood attack,syn attack,Enable SYN protection
69b6ee41a05d6d71cf673ab7,,,,,585,Presentation,Data corruption,data corruption,Retransmit data
69b6ee41a05d6d71cf673ab8,,,,,598,Data Link,Frame check sequence error,fcs error,Replace faulty cable
69b6ee41a05d6d71cf673ab9,,,,,597,Data Link,Duplicate MAC address,duplicate mac,Reassign MAC
69b6ee41a05d6d71cf673aba,,,,,599,Network,IP address conflict,ip conflict,Renew IP address
69b6ee41a05d6d71cf673abb,,,,,600,Presentation,Unsupported file format,file format,Convert format
69b6ee41a05d6d71cf673abc,,,,,601,Transport,Firewall blocking port,firewall port,Allow port in firewall
69b6ee41a05d6d71cf673abd,,,,,602,Network,Static route misconfigured,static route,Correct static route
69b6ee41a05d6d71cf673abe,,,,,592,Application,FTP connection failed,ftp connection,Verify credentials
69b6ee41a05d6d71cf673abf,,,,,604,Presentation,Certificate expired,certificate expired,Renew certificate
69b6ee41a05d6d71cf673ac0,,,,,605,Data Link,MAC address conflict,mac conflict,Reset devices
69b6ee41a05d6d71cf673ac1,,,,,606,Application,FTP connection failed,ftp connection,Verify credentials
69b6ee41a05d6d71cf673ac2,,,,,607,Session,Session timeout,session timeout,Increase timeout
69b6ee41a05d6d71cf673ac3,,,,,608,Presentation,Encoding issue,encoding problem,Use UTF8 encoding
69b6ee41a05d6d71cf673ac4,,,,,610,Network,TTL expired,ttl expired,Check routing loops
69b6ee41a05d6d71cf673ac5,,,,,603,Transport,Session timeout,session timeout,Increase timeout
69b6ee41a05d6d71cf673ac6,,,,,593,Application,Authentication failure,login authentication,Verify credentials
69b6ee41a05d6d71cf673ac7,,,,,609,Network,Subnet mismatch,subnet mask,Correct subnet mask
69b6ee41a05d6d71cf673ac8,,,,,588,Application,FTP connection failed,ftp connection,Verify credentials
69b6ee41a05d6d71cf673ac9,,,,,589,Physical,Faulty modem,modem issue,Restart or replace modem
69b6ee41a05d6d71cf673aca,,,,,594,Transport,TCP slow start delay,tcp slow,Optimize TCP parameters
69b6ee41a05d6d71cf673acb,,,,,590,Application,FTP connection failed,ftp connection,Verify credentials
69b6ee41a05d6d71cf673acc,,,,,591,Data Link,Frame collision,collision ethernet,Use switch instead of hub
69b6ee41a05d6d71cf673acd,,,,,595,Presentation,Encryption key mismatch,key mismatch,Regenerate keys
69b6ee41a05d6d71cf673ace,,,,,596,Physical,Network card failure,nic network card,Replace network interface card
69b6ee41a05d6d71cf673acf,,,,,586,Transport,Too many connections,connection limit,Increase server limit
69b6ee41a05d6d71cf673ad0,,,,,612,Presentation,Encoding issue,encoding problem,Use UTF8 encoding
69b6ee41a05d6d71cf673ad1,,,,,611,Physical,Faulty modem,modem issue,Restart or replace modem
69b6ee41a05d6d71cf673ad2,,,,,613,Session,Secure session failure,secure session,Check certificates
69b6ee41a05d6d71cf673ad3,,,,,615,Physical,Power outage affecting network,power electricity,Restore power supply
69b6ee41a05d6d71cf673ad4,,,,,616,Data Link,Switch firmware outdated,switch firmware,Update firmware
69b6ee41a05d6d71cf673ad5,,,,,617,Physical,Incorrect cable type,wrong cable,Use correct cable like Cat6
69b6ee41a05d6d71cf673ad6,,,,,618,Network,ICMP blocked,icmp ping,Enable ICMP
69b6ee41a05d6d71cf673ad7,,,,,619,Session,Session token expired,token expired,Generate new token
69b6ee41a05d6d71cf673ad8,,,,,620,Network,Firewall blocking IP,firewall block ip,Allow IP in firewall
69b6ee41a05d6d71cf673ad9,,,,,621,Data Link,Broadcast storm,broadcast storm,Enable STP
69b6ee41a05d6d71cf673ada,,,,,614,Presentation,SSL certificate invalid,ssl certificate,Install valid certificate
69b6ee41a05d6d71cf673adb,,,,,623,Network,TTL expired,ttl expired,Check routing loops
69b6ee41a05d6d71cf673adc,,,,,624,Network,Static route misconfigured,static route,Correct static route
69b6ee41a05d6d71cf673add,,,,,625,Network,Packet loss,packet loss,Check congestion
69b6ee41a05d6d71cf673ade,,,,,626,Network,Network congestion,network congestion,Reduce traffic load
69b6ee41a05d6d71cf673adf,,,,,627,Application,Website not loading,website loading,Check server status
69b6ee41a05d6d71cf673ae0,,,,,622,Data Link,ARP poisoning attack,arp attack,Enable security features
69b6ee41a05d6d71cf673ae1,,,,,628,Application,DNS resolution failure,dns resolve,Flush DNS
69b6ee41a05d6d71cf673ae2,,,,,629,Presentation,SSL certificate invalid,ssl certificate,Install valid certificate
69b6ee41a05d6d71cf673ae3,,,,,630,Network,Invalid IP address,invalid ip,Configure correct IP
69b6ee41a05d6d71cf673ae4,,,,,631,Physical,WiFi router not powered,wifi router off,Check power adapter
69b6ee41a05d6d71cf673ae5,,,,,632,Application,Database connection failed,database connection,Check DB connection
69b6ee41a05d6d71cf673ae6,,,,,633,Data Link,Spanning tree loop,stp loop,Configure STP properly
69b6ee41a05d6d71cf673ae7,,,,,634,Session,Duplicate sessions,duplicate session,Terminate extra sessions
69b6ee41a05d6d71cf673ae8,,,,,635,Presentation,Certificate expired,certificate expired,Renew certificate
69b6ee41a05d6d71cf673ae9,,,,,636,Session,VPN session dropped,vpn drop,Reconnect VPN
69b6ee41a05d6d71cf673aea,,,,,637,Data Link,Spanning tree loop,stp loop,Configure STP properly
69b6ee41a05d6d71cf673aeb,,,,,638,Session,Session authentication failure,session auth,Re-login
69b6ee41a05d6d71cf673aec,,,,,639,Network,IP address conflict,ip conflict,Renew IP address
69b6ee41a05d6d71cf673aed,,,,,640,Transport,Incorrect port configuration,port config,Verify port numbers
69b6ee41a05d6d71cf673aee,,,,,641,Application,HTTP 404 error,404 error,Check URL
69b6ee41a05d6d71cf673aef,,,,,642,Network,IP address conflict,ip conflict,Renew IP address
69b6ee41a05d6d71cf673af0,,,,,643,Session,Duplicate sessions,duplicate session,Terminate extra sessions
69b6ee41a05d6d71cf673af1,,,,,645,Application,HTTP 404 error,404 error,Check URL
69b6ee41a05d6d71cf673af2,,,,,644,Session,VPN session dropped,vpn drop,Reconnect VPN
69b6ee41a05d6d71cf673af3,,,,,647,Transport,UDP packet loss,udp loss,Improve network stability
69b6ee41a05d6d71cf673af4,,,,,646,Session,Session timeout,session timeout,Increase timeout
69b6ee41a05d6d71cf673af5,,,,,651,Session,Session ID mismatch,session id,Clear session cache
69b6ee41a05d6d71cf673af6,,,,,648,Presentation,Encoding issue,encoding problem,Use UTF8 encoding
69b6ee41a05d6d71cf673af7,,,,,649,Transport,Packet retransmission,packet retransmission,Reduce congestion
69b6ee41a05d6d71cf673af8,,,,,650,Physical,Network adapter disabled,adapter disabled,Enable network adapter
69b6ee41a05d6d71cf673af9,,,,,656,Data Link,Frame collision,collision ethernet,Use switch instead of hub
69b6ee41a05d6d71cf673afa,,,,,654,Network,Static route misconfigured,static route,Correct static route
69b6ee41a05d6d71cf673afb,,,,,665,Data Link,Incorrect duplex mode,duplex mismatch,Set auto duplex
69b6ee41a05d6d71cf673afc,,,,,655,Network,TTL expired,ttl expired,Check routing loops
69b6ee41a05d6d71cf673afd,,,,,667,Network,Router not routing packets,router routing,Restart router
69b6ee41a05d6d71cf673afe,,,,,668,Application,FTP connection failed,ftp connection,Verify credentials
69b6ee41a05d6d71cf673aff,,,,,653,Network,Packet loss,packet loss,Check congestion
69b6ee41a05d6d71cf673b00,,,,,666,Application,DNS server not responding,dns server,Change DNS server
69b6ee41a05d6d71cf673b01,,,,,657,Data Link,MAC filtering blocking device,mac filter,Update MAC filter list
69b6ee41a05d6d71cf673b02,,,,,658,Physical,Damaged ethernet cable,cable broken ethernet,Replace the ethernet cable
69b6ee41a05d6d71cf673b03,,,,,659,Presentation,Data corruption,data corruption,Retransmit data
69b6ee41a05d6d71cf673b04,,,,,663,Transport,TCP connection timeout,tcp timeout,Check server availability
69b6ee41a05d6d71cf673b05,,,,,662,Physical,Incorrect cable type,wrong cable,Use correct cable like Cat6
69b6ee41a05d6d71cf673b06,,,,,664,Presentation,Unsupported file format,file format,Convert format
69b6ee41a05d6d71cf673b07,,,,,660,Physical,Switch not working,switch dead,Restart or replace switch
69b6ee41a05d6d71cf673b08,,,,,661,Application,FTP connection failed,ftp connection,Verify credentials
69b6ee41a05d6d71cf673b09,,,,,669,Data Link,ARP table error,arp error,Clear ARP cache
69b6ee41a05d6d71cf673b0a,,,,,670,Data Link,Incorrect duplex mode,duplex mismatch,Set auto duplex
69b6ee41a05d6d71cf673b0b,,,,,672,Session,Session hijacking attempt,session hijack,Enable encryption
69b6ee41a05d6d71cf673b0c,,,,,671,Transport,TCP handshake failure,tcp handshake,Restart service
69b6ee41a05d6d71cf673b0d,,,,,676,Session,Session not established,session fail,Restart service
69b6ee41a05d6d71cf673b0e,,,,,675,Physical,Switch not working,switch dead,Restart or replace switch
69b6ee41a05d6d71cf673b0f,,,,,677,Physical,Signal interference,signal noise,Remove interference source
69b6ee41a05d6d71cf673b10,,,,,681,Physical,Power outage affecting network,power electricity,Restore power supply
69b6ee41a05d6d71cf673b11,,,,,680,Transport,Load balancer error,load balancer,Reconfigure load balancer
69b6ee41a05d6d71cf673b12,,,,,682,Physical,Network card failure,nic network card,Replace network interface card
69b6ee41a05d6d71cf673b13,,,,,678,Presentation,Data format mismatch,format mismatch,Convert data format
69b6ee41a05d6d71cf673b14,,,,,673,Transport,Transport layer congestion,transport congestion,Adjust buffer size
69b6ee41a05d6d71cf673b15,,,,,674,Application,Web server down,server down,Restart server
69b6ee41a05d6d71cf673b16,,,,,652,Session,Remote session disconnect,remote session,Check connection
69b6ee41a05d6d71cf673b17,,,,,679,Presentation,SSL handshake failed,ssl handshake,Update certificates
69b6ee41a05d6d71cf673b18,,,,,683,Session,Session authentication failure,session auth,Re-login
69b6ee41a05d6d71cf673b19,,,,,684,Presentation,SSL handshake failed,ssl handshake,Update certificates
69b6ee41a05d6d71cf673b1a,,,,,685,Physical,Network card failure,nic network card,Replace network interface card
69b6ee41a05d6d71cf673b1b,,,,,686,Application,DNS resolution failure,dns resolve,Flush DNS
69b6ee41a05d6d71cf673b1c,,,,,687,Transport,TCP slow start delay,tcp slow,Optimize TCP parameters
69b6ee41a05d6d71cf673b1d,,,,,688,Data Link,MAC address conflict,mac conflict,Reset devices
69b6ee41a05d6d71cf673b1e,,,,,689,Physical,Incorrect cable type,wrong cable,Use correct cable like Cat6
69b6ee41a05d6d71cf673b1f,,,,,690,Application,Database connection failed,database connection,Check DB connection
69b6ee41a05d6d71cf673b20,,,,,691,Network,Packet loss,packet loss,Check congestion
69b6ee41a05d6d71cf673b21,,,,,692,Transport,Session timeout,session timeout,Increase timeout
69b6ee41a05d6d71cf673b22,,,,,693,Transport,Connection reset error,connection reset,Check server logs
69b6ee41a05d6d71cf673b23,,,,,694,Session,Session token expired,token expired,Generate new token
69b6ee41a05d6d71cf673b24,,,,,695,Presentation,SSL handshake failed,ssl handshake,Update certificates
69b6ee41a05d6d71cf673b25,,,,,696,Application,Website not loading,website loading,Check server status
69b6ee41a05d6d71cf673b26,,,,,698,Session,Remote login failure,remote login,Verify credentials
69b6ee41a05d6d71cf673b27,,,,,697,Transport,SYN flood attack,syn attack,Enable SYN protection
69b6ee41a05d6d71cf673b28,,,,,699,Data Link,Frame collision,collision ethernet,Use switch instead of hub
69b6ee41a05d6d71cf673b29,,,,,700,Transport,Session timeout,session timeout,Increase timeout
69b6ee41a05d6d71cf673b2a,,,,,702,Presentation,Encryption error,encryption error,Update encryption settings
69b6ee41a05d6d71cf673b2b,,,,,703,Transport,TCP connection timeout,tcp timeout,Check server availability
69b6ee41a05d6d71cf673b2c,,,,,701,Transport,Packet retransmission,packet retransmission,Reduce congestion
69b6ee41a05d6d71cf673b2d,,,,,704,Data Link,ARP table error,arp error,Clear ARP cache
69b6ee41a05d6d71cf673b2e,,,,,705,Physical,Network cable unplugged,cable unplugged ethernet,Plug the Ethernet cable properly
69b6ee41a05d6d71cf673b2f,,,,,706,Transport,Too many connections,connection limit,Increase server limit
69b6ee41a05d6d71cf673b30,,,,,707,Application,Email not sending,smtp email,Check SMTP settings
69b6ee41a05d6d71cf673b31,,,,,708,Presentation,Data format mismatch,format mismatch,Convert data format
69b6ee41a05d6d71cf673b32,,,,,709,Data Link,Switch MAC table overflow,mac table switch,Restart switch
69b6ee41a05d6d71cf673b33,,,,,711,Transport,Port blocked,port blocked,Open port in firewall
69b6ee41a05d6d71cf673b34,,,,,713,Network,Invalid IP address,invalid ip,Configure correct IP
69b6ee41a05d6d71cf673b35,,,,,714,Session,Authentication server unreachable,auth server,Restart authentication server
69b6ee41a05d6d71cf673b36,,,,,715,Transport,Packet retransmission,packet retransmission,Reduce congestion
69b6ee41a05d6d71cf673b37,,,,,717,Session,Session timeout,session timeout,Increase timeout
69b6ee41a05d6d71cf673b38,,,,,712,Data Link,MAC address conflict,mac conflict,Reset devices
69b6ee41a05d6d71cf673b39,,,,,716,Physical,Damaged ethernet cable,cable broken ethernet,Replace the ethernet cable
69b6ee41a05d6d71cf673b3a,,,,,720,Presentation,SSL handshake failed,ssl handshake,Update certificates
69b6ee41a05d6d71cf673b3b,,,,,718,Presentation,Encryption key mismatch,key mismatch,Regenerate keys
69b6ee41a05d6d71cf673b3c,,,,,719,Transport,TCP slow start delay,tcp slow,Optimize TCP parameters
69b6ee41a05d6d71cf673b3d,,,,,722,Transport,Load balancer error,load balancer,Reconfigure load balancer
69b6ee41a05d6d71cf673b3e,,,,,721,Presentation,Secure channel failure,secure channel,Restart secure service
69b6ee41a05d6d71cf673b3f,,,,,725,Physical,Network cable unplugged,cable unplugged ethernet,Plug the Ethernet cable properly
69b6ee41a05d6d71cf673b40,,,,,723,Transport,Port blocked,port blocked,Open port in firewall
69b6ee41a05d6d71cf673b41,,,,,728,Transport,SYN flood attack,syn attack,Enable SYN protection
69b6ee41a05d6d71cf673b42,,,,,724,Transport,Load balancer error,load balancer,Reconfigure load balancer
69b6ee41a05d6d71cf673b43,,,,,726,Data Link,Switch port disabled,switch port disabled,Enable switch port
69b6ee41a05d6d71cf673b44,,,,,727,Physical,Incorrect cable type,wrong cable,Use correct cable like Cat6
69b6ee41a05d6d71cf673b45,,,,,732,Transport,Port blocked,port blocked,Open port in firewall
69b6ee41a05d6d71cf673b46,,,,,730,Data Link,Switch port disabled,switch port disabled,Enable switch port
69b6ee41a05d6d71cf673b47,,,,,729,Application,Website not loading,website loading,Check server status
69b6ee41a05d6d71cf673b48,,,,,731,Transport,TCP slow start delay,tcp slow,Optimize TCP parameters
69b6ee41a05d6d71cf673b49,,,,,735,Session,Secure session failure,secure session,Check certificates
69b6ee41a05d6d71cf673b4a,,,,,737,Data Link,Broadcast storm,broadcast storm,Enable STP
69b6ee41a05d6d71cf673b4b,,,,,736,Presentation,SSL certificate invalid,ssl certificate,Install valid certificate
69b6ee41a05d6d71cf673b4c,,,,,733,Application,Browser cache issue,browser cache,Clear browser cache
69b6ee41a05d6d71cf673b4d,,,,,734,Session,Session timeout,session timeout,Increase timeout
69b6ee41a05d6d71cf673b4e,,,,,739,Transport,Firewall blocking port,firewall port,Allow port in firewall
69b6ee41a05d6d71cf673b4f,,,,,738,Network,Router firmware outdated,router firmware,Update router firmware
69b6ee41a05d6d71cf673b50,,,,,740,Transport,Too many connections,connection limit,Increase server limit
69b6ee41a05d6d71cf673b51,,,,,741,Session,Session token expired,token expired,Generate new token
69b6ee41a05d6d71cf673b52,,,,,742,Data Link,ARP table error,arp error,Clear ARP cache
69b6ee41a05d6d71cf673b53,,,,,743,Physical,Broken fiber cable,fiber damage,Replace fiber cable
69b6ee41a05d6d71cf673b54,,,,,744,Network,Incorrect routing table,routing table,Update routes
69b6ee41a05d6d71cf673b55,,,,,745,Physical,Faulty modem,modem issue,Restart or replace modem
69b6ee41a05d6d71cf673b56,,,,,746,Physical,Faulty modem,modem issue,Restart or replace modem
69b6ee41a05d6d71cf673b57,,,,,748,Network,NAT misconfiguration,nat error,Reconfigure NAT
69b6ee41a05d6d71cf673b58,,,,,749,Physical,Overheating router,router heat,Allow router cooling
69b6ee41a05d6d71cf673b59,,,,,750,Transport,TCP handshake failure,tcp handshake,Restart service
69b6ee41a05d6d71cf673b5a,,,,,752,Transport,Firewall blocking port,firewall port,Allow port in firewall
69b6ee41a05d6d71cf673b5b,,,,,751,Presentation,Encryption key mismatch,key mismatch,Regenerate keys
69b6ee41a05d6d71cf673b5c,,,,,753,Physical,Power outage affecting network,power electricity,Restore power supply
69b6ee41a05d6d71cf673b5d,,,,,747,Session,Session timeout,session timeout,Increase timeout
69b6ee41a05d6d71cf673b5e,,,,,710,Data Link,Network interface not detecting MAC,mac detection,Reset network adapter
69b6ee41a05d6d71cf673b5f,,,,,754,Network,NAT misconfiguration,nat error,Reconfigure NAT
69b6ee41a05d6d71cf673b60,,,,,755,Physical,Switch not working,switch dead,Restart or replace switch
69b6ee41a05d6d71cf673b61,,,,,756,Session,Secure session failure,secure session,Check certificates
69b6ee41a05d6d71cf673b62,,,,,757,Transport,Too many connections,connection limit,Increase server limit
69b6ee41a05d6d71cf673b63,,,,,758,Network,Invalid IP address,invalid ip,Configure correct IP
69b6ee41a05d6d71cf673b64,,,,,760,Presentation,TLS protocol mismatch,tls mismatch,Update TLS version
69b6ee41a05d6d71cf673b65,,,,,761,Physical,Loose LAN connection,lan loose port,Reconnect LAN cable
69b6ee41a05d6d71cf673b66,,,,,759,Application,DNS resolution failure,dns resolve,Flush DNS
69b6ee41a05d6d71cf673b67,,,,,764,Physical,Network cable unplugged,cable unplugged ethernet,Plug the Ethernet cable properly
69b6ee41a05d6d71cf673b68,,,,,773,Data Link,Frame check sequence error,fcs error,Replace faulty cable
69b6ee41a05d6d71cf673b69,,,,,765,Physical,Loose LAN connection,lan loose port,Reconnect LAN cable
69b6ee41a05d6d71cf673b6a,,,,,766,Application,Authentication failure,login authentication,Verify credentials
69b6ee41a05d6d71cf673b6b,,,,,762,Presentation,Data serialization error,serialization error,Correct data format
69b6ee41a05d6d71cf673b6c,,,,,767,Session,Remote login failure,remote login,Verify credentials
69b6ee41a05d6d71cf673b6d,,,,,763,Physical,Switch not working,switch dead,Restart or replace switch
69b6ee41a05d6d71cf673b6e,,,,,770,Presentation,Secure channel failure,secure channel,Restart secure service
69b6ee41a05d6d71cf673b6f,,,,,771,Data Link,Broadcast storm,broadcast storm,Enable STP
69b6ee41a05d6d71cf673b70,,,,,769,Data Link,Broadcast storm,broadcast storm,Enable STP
69b6ee41a05d6d71cf673b71,,,,,772,Transport,Firewall blocking port,firewall port,Allow port in firewall
69b6ee41a05d6d71cf673b72,,,,,768,Network,Incorrect routing table,routing table,Update routes
69b6ee41a05d6d71cf673b73,,,,,777,Application,Browser cache issue,browser cache,Clear browser cache
69b6ee41a05d6d71cf673b74,,,,,774,Application,HTTP 500 error,500 server,Restart web server
69b6ee41a05d6d71cf673b75,,,,,775,Network,Invalid IP address,invalid ip,Configure correct IP
69b6ee41a05d6d71cf673b76,,,,,776,Presentation,SSL configuration error,ssl config,Reconfigure SSL
69b6ee41a05d6d71cf673b77,,,,,789,Application,Database connection failed,database connection,Check DB connection
69b6ee41a05d6d71cf673b78,,,,,790,Network,Router not routing packets,router routing,Restart router
69b6ee41a05d6d71cf673b79,,,,,783,Physical,Power outage affecting network,power electricity,Restore power supply
69b6ee41a05d6d71cf673b7a,,,,,792,Transport,Load balancer error,load balancer,Reconfigure load balancer
69b6ee41a05d6d71cf673b7b,,,,,793,Session,Session authentication failure,session auth,Re-login
69b6ee41a05d6d71cf673b7c,,,,,794,Transport,Too many connections,connection limit,Increase server limit
69b6ee41a05d6d71cf673b7d,,,,,795,Transport,TCP slow start delay,tcp slow,Optimize TCP parameters
69b6ee41a05d6d71cf673b7e,,,,,796,Data Link,Frame check sequence error,fcs error,Replace faulty cable
69b6ee41a05d6d71cf673b7f,,,,,786,Physical,Router power off,router power off,Turn on router power supply
69b6ee41a05d6d71cf673b80,,,,,798,Network,Packet loss,packet loss,Check congestion
69b6ee41a05d6d71cf673b81,,,,,799,Network,Incorrect routing table,routing table,Update routes
69b6ee41a05d6d71cf673b82,,,,,800,Physical,Ethernet port not detecting cable,port ethernet issue,Try another port
69b6ee41a05d6d71cf673b83,,,,,788,Transport,Packet retransmission,packet retransmission,Reduce congestion
69b6ee41a05d6d71cf673b84,,,,,784,Transport,Packet retransmission,packet retransmission,Reduce congestion
69b6ee41a05d6d71cf673b85,,,,,785,Physical,Switch not working,switch dead,Restart or replace switch
69b6ee41a05d6d71cf673b86,,,,,791,Presentation,Secure channel failure,secure channel,Restart secure service
69b6ee41a05d6d71cf673b87,,,,,787,Presentation,Encoding issue,encoding problem,Use UTF8 encoding
69b6ee41a05d6d71cf673b88,,,,,780,Physical,Overheating router,router heat,Allow router cooling
69b6ee41a05d6d71cf673b89,,,,,778,Network,NAT misconfiguration,nat error,Reconfigure NAT
69b6ee41a05d6d71cf673b8a,,,,,779,Presentation,Data corruption,data corruption,Retransmit data
69b6ee41a05d6d71cf673b8b,,,,,782,Presentation,Encryption error,encryption error,Update encryption settings
69b6ee41a05d6d71cf673b8c,,,,,781,Presentation,SSL certificate invalid,ssl certificate,Install valid certificate
69b6ee41a05d6d71cf673b8d,,,,,797,Data Link,Duplicate MAC address,duplicate mac,Reassign MAC
